Account,Date,Channel,Units,1:00,2:00,3:00,4:00,5:00,6:00,7:00,8:00,9:00,10:00,11:00,12:00,13:00,14:00,15:00,16:00,17:00,18:00,19:00,20:00,21:00,22:00,23:00,24:00
1482404018 CHART PAK INC,9/20/2018,1 kWh,kWh,,,,,,,,,,,,,,,,,,,,,,,,
1482404018 CHART PAK INC,9/21/2018,1 kWh,kWh,,,,,,,,,,,,,,,,,,,,,,,,
1482404018 CHART PAK INC,9/22/2018,1 kWh,kWh,,,,,,,,,,,,,,,,,,,,,,,,
1482404018 CHART PAK INC,9/23/2018,1 kWh,kWh,,,,,,,,,,,,,,,,,,,,,,,,
1482404018 CHART PAK INC,9/24/2018,1 kWh,kWh,,,,,,,,,,,,,,,,,,,,,,,,
1482404018 CHART PAK INC,9/25/2018,1 kWh,kWh,,,,,,,,,,,,,,,,,,,,,,,,
1482404018 CHART PAK INC,9/26/2018,1 kWh,kWh,,,,,,,,,,,,,,,,,,,,,,,,
1482404018 CHART PAK INC,9/27/2018,1 kWh,kWh,,,,,,,,,,,,,,,,,,,,,,,,
1482404018 CHART PAK INC,9/28/2018,1 kWh,kWh,,,,,,,,,,,,,,,,,,,,,,,,
1482404018 CHART PAK INC,9/29/2018,1 kWh,kWh,,,,,,,,,,,,,,,,,,,,,,,,
1482404018 CHART PAK INC,9/30/2018,1 kWh,kWh,,,,,,,,,,,,,,,,,,,,,,,,
1482404018 CHART PAK INC,10/1/2018,1 kWh,kWh,,,,,,,,,,,,,,,,,,,,,,,,
1482404018 CHART PAK INC,10/2/2018,1 kWh,kWh,,,,,,,,,,,,,,,,,,,,,,,,
1482404018 CHART PAK INC,10/3/2018,1 kWh,kWh,,,,,,,,,,,,,,,,,,,,,,,,
1482404018 CHART PAK INC,10/4/2018,1 kWh,kWh,,,,,,,,,,,,,,,,,,,,,,,,
1482404018 CHART PAK INC,10/5/2018,1 kWh,kWh,,,,,,,,,,,,,,,,,,,,,,,,
1482404018 CHART PAK INC,10/6/2018,1 kWh,kWh,,,,,,,,,,,,,,,,,,,,,,,,
1482404018 CHART PAK INC,10/7/2018,1 kWh,kWh,,,,,,,,,,,,,,,,,,,,,,,,
1482404018 CHART PAK INC,10/8/2018,1 kWh,kWh,,,,,,,,,,,,,,,,,,,,,,,,
1482404018 CHART PAK INC,10/9/2018,1 kWh,kWh,,,,,,,,,,,,,,,,,,,,,,,,
1482404018 CHART PAK INC,10/10/2018,1 kWh,kWh,,,,,,,,,,,,,,,,,,,,,,,,
1482404018 CHART PAK INC,10/11/2018,1 kWh,kWh,,,,,,,,,,,,,,,,,,,,,,,,
1482404018 CHART PAK INC,10/12/2018,1 kWh,kWh,,,,,,,,,,,,,,,,,,,,,,,,
1482404018 CHART PAK INC,10/13/2018,1 kWh,kWh,,,,,,,,,,,,,,,,,,,,,,,,
1482404018 CHART PAK INC,10/14/2018,1 kWh,kWh,,,,,,,,,,,,,,,,,,,,,,,,
1482404018 CHART PAK INC,10/15/2018,1 kWh,kWh,,,,,,,,,,,,,,,,,,,,,,,,
1482404018 CHART PAK INC,10/16/2018,1 kWh,kWh,,,,,,,,,,,,,,,,,,,,,,,,
1482404018 CHART PAK INC,10/17/2018,1 kWh,kWh,,,,,,,,,,,,,,,,,,,,,,,,
1482404018 CHART PAK INC,10/18/2018,1 kWh,kWh,,,,,,,,,,,,,,,,,,,,,,,,
1482404018 CHART PAK INC,10/19/2018,1 kWh,kWh,,,,,,,,,,,,,,,,,,,,,,,,
1482404018 CHART PAK INC,10/20/2018,1 kWh,kWh,,,,,,,,,,,,,,,,,,,,,,,,
1482404018 CHART PAK INC,10/21/2018,1 kWh,kWh,,,,,,,,,,,,,,,,,,,,,,,,
1482404018 CHART PAK INC,10/22/2018,1 kWh,kWh,,,,,,,,,,,,,,,,,,,,,,,,
1482404018 CHART PAK INC,10/23/2018,1 kWh,kWh,,,,,,,,,,,,,,,,,,,,,,,,
1482404018 CHART PAK INC,10/24/2018,1 kWh,kWh,,,,,,,,,,,,,,,,,,,,,,,,
1482404018 CHART PAK INC,10/25/2018,1 kWh,kWh,,,,,,,,,,,,,,,,,,,,,,,,
1482404018 CHART PAK INC,10/26/2018,1 kWh,kWh,,,,,,,,,,,,,,,,,,,,,,,,
1482404018 CHART PAK INC,10/27/2018,1 kWh,kWh,,,,,,,,,,,,,,,,,,,,,,,,
1482404018 CHART PAK INC,10/28/2018,1 kWh,kWh,,,,,,,,,,,,,,,,,,,,,,,,
1482404018 CHART PAK INC,10/29/2018,1 kWh,kWh,,,,,,,,,,,,,,,,,,,,,,,,
1482404018 CHART PAK INC,10/30/2018,1 kWh,kWh,,,,,,,,,,,,,,,,,,,,,,,,
1482404018 CHART PAK INC,10/31/2018,1 kWh,kWh,,,,,,,,,,,,,,,,,,,,,,,,
1482404018 CHART PAK INC,11/1/2018,1 kWh,kWh,,,,,,,,,,,,,,,,,,,,,,,,
1482404018 CHART PAK INC,11/2/2018,1 kWh,kWh,,,,,,,,,,,,,,,,,,,,,,,,
1482404018 CHART PAK INC,11/3/2018,1 kWh,kWh,,,,,,,,,,,,,,,,,,,,,,,,
1482404018 CHART PAK INC,11/4/2018,1 kWh,kWh,,,,,,,,,,,,,,,,,,,,,,,,
1482404018 CHART PAK INC,11/5/2018,1 kWh,kWh,,,,,,,,,,,,,,,,,,,,,,,,
1482404018 CHART PAK INC,11/6/2018,1 kWh,kWh,,,,,,,,,,,,,,,,,,,,,,,,
1482404018 CHART PAK INC,11/7/2018,1 kWh,kWh,,,,,,,,,,,,,,,,,,,,,,,,
1482404018 CHART PAK INC,11/8/2018,1 kWh,kWh,,,,,,,,,,,,,,,,,,,,,,,,
1482404018 CHART PAK INC,11/9/2018,1 kWh,kWh,,,,,,,,,,,,,,,,,,,,,,,,
1482404018 CHART PAK INC,11/10/2018,1 kWh,kWh,,,,,,,,,,,,,,,,,,,,,,,,
1482404018 CHART PAK INC,11/11/2018,1 kWh,kWh,,,,,,,,,,,,,,,,,,,,,,,,
1482404018 CHART PAK INC,11/12/2018,1 kWh,kWh,,,,,,,,,,,,,,,,,,,,,,,,
1482404018 CHART PAK INC,11/13/2018,1 kWh,kWh,,,,,,,,,,,,,,,,,,,,,,,,
1482404018 CHART PAK INC,11/14/2018,1 kWh,kWh,,,,,,,,,,,,,,,,,,,,,,,,
1482404018 CHART PAK INC,11/15/2018,1 kWh,kWh,,,,,,,,,,,,,,,,,,,,,,,,
1482404018 CHART PAK INC,11/16/2018,1 kWh,kWh,,,,,,,,,,,,,,,,,,,,,,,,
1482404018 CHART PAK INC,11/17/2018,1 kWh,kWh,,,,,,,,,,,,,,,,,,,,,,,,
1482404018 CHART PAK INC,11/18/2018,1 kWh,kWh,,,,,,,,,,,,,,,,,,,,,,,,
1482404018 CHART PAK INC,11/19/2018,1 kWh,kWh,,,,,,,,,,,,,,,,,,,,,,,,
1482404018 CHART PAK INC,11/20/2018,1 kWh,kWh,,,,,,,,,,,,,,,,,,,,,,,,
1482404018 CHART PAK INC,11/21/2018,1 kWh,kWh,,,,,,,,,,,,,,,,,,,,,,,,
1482404018 CHART PAK INC,11/22/2018,1 kWh,kWh,,,,,,,,,,,,,,,,,,,,,,,,
1482404018 CHART PAK INC,11/23/2018,1 kWh,kWh,,,,,,,,,,,,,,,,,,,,,,,,
1482404018 CHART PAK INC,11/24/2018,1 kWh,kWh,,,,,,,,,,,,,,,,,,,,,,,,
1482404018 CHART PAK INC,11/25/2018,1 kWh,kWh,,,,,,,,,,,,,,,,,,,,,,,,
1482404018 CHART PAK INC,11/26/2018,1 kWh,kWh,,,,,,,,,,,,,,,,,,,,,,,,
1482404018 CHART PAK INC,11/27/2018,1 kWh,kWh,,,,,,,,,,208.26,210.6,202.98,204.24,218.04,151.02,137.58,94.56,32.94,33.18,29.58,29.34,28.44,25.02,27.0
1482404018 CHART PAK INC,11/28/2018,1 kWh,kWh,28.74,27.48,31.44,31.44,40.86,144.84,214.74,205.86,212.46,213.96,203.52,203.7,216.18,211.92,154.74,124.74,67.98,31.26,33.36,33.36,29.34,30.96,32.46,31.2
1482404018 CHART PAK INC,11/29/2018,1 kWh,kWh,31.08,31.2,32.1,31.44,36.48,147.72,208.14,209.34,211.02,206.22,206.64,202.2,203.88,190.5,114.9,56.22,37.38,30.0,29.94,30.66,28.38,31.2,32.04,30.78
1482404018 CHART PAK INC,11/30/2018,1 kWh,kWh,32.76,33.18,34.8,36.0,40.26,159.3,205.62,210.24,205.86,204.3,204.0,199.56,203.28,197.58,138.72,118.02,70.8,41.76,36.78,37.38,32.4,33.06,32.88,31.5
1482404018 CHART PAK INC,12/1/2018,1 kWh,kWh,30.84,32.4,34.26,34.38,47.64,115.14,117.12,112.38,109.32,106.26,105.84,106.26,92.46,30.54,31.74,32.82,37.56,33.9,36.0,34.74,35.7,33.6,32.76,33.42
1482404018 CHART PAK INC,12/2/2018,1 kWh,kWh,32.52,33.66,32.52,33.42,32.94,33.48,33.12,33.36,31.8,33.84,31.44,32.46,32.58,29.88,28.74,29.7,29.82,27.6,27.9,27.66,24.24,27.54,27.66,26.28
1482404018 CHART PAK INC,12/3/2018,1 kWh,kWh,28.14,28.74,29.4,30.12,36.36,147.96,193.68,200.04,197.64,201.0,195.42,190.32,191.58,183.6,132.72,106.44,42.78,27.54,28.02,27.84,23.58,25.92,27.12,28.38
1482404018 CHART PAK INC,12/4/2018,1 kWh,kWh,28.26,27.06,30.42,30.42,39.06,132.18,197.76,204.84,197.64,182.04,186.84,178.86,176.64,173.1,139.98,91.8,48.96,42.12,40.98,40.2,35.64,34.14,34.44,32.88
1482404018 CHART PAK INC,12/5/2018,1 kWh,kWh,32.34,34.02,35.94,37.26,42.78,135.96,158.64,173.64,186.9,180.0,184.5,174.3,178.02,182.46,136.86,81.84,43.44,35.22,33.24,32.16,29.22,30.72,28.68,31.44
1482404018 CHART PAK INC,12/6/2018,1 kWh,kWh,29.76,30.12,33.36,32.76,40.74,131.16,167.04,161.82,149.1,148.5,151.5,143.94,143.88,140.58,128.4,105.06,43.38,35.64,33.78,32.82,29.46,27.66,29.34,27.24
1482404018 CHART PAK INC,12/7/2018,1 kWh,kWh,29.76,29.82,31.14,31.92,37.44,128.52,166.2,165.06,167.76,161.04,161.4,157.74,161.04,158.4,127.74,55.26,31.02,32.16,32.16,33.0,28.8,31.26,32.82,33.84
1482404018 CHART PAK INC,12/8/2018,1 kWh,kWh,34.5,34.92,37.56,35.94,37.92,54.78,79.2,51.3,47.64,48.66,60.36,45.54,37.14,30.48,29.22,29.88,34.02,31.86,32.88,34.8,32.7,32.82,34.86,33.9
1482404018 CHART PAK INC,12/9/2018,1 kWh,kWh,35.1,35.58,35.58,35.16,37.62,35.64,37.5,35.46,34.08,32.22,30.72,32.4,30.78,29.64,28.98,29.16,28.5,27.78,30.36,29.76,31.2,33.18,33.12,34.56
1482404018 CHART PAK INC,12/10/2018,1 kWh,kWh,34.26,36.72,34.44,36.96,43.2,148.56,205.86,210.24,208.98,207.24,205.26,190.56,186.72,184.8,132.24,114.72,100.08,36.9,39.42,37.2,34.56,35.76,37.02,36.9
1482404018 CHART PAK INC,12/11/2018,1 kWh,kWh,33.54,36.9,40.8,39.36,44.64,145.02,186.84,181.56,182.88,168.12,170.22,162.72,165.3,159.42,137.34,73.38,46.26,39.6,37.26,38.46,32.22,33.84,32.46,31.32
1482404018 CHART PAK INC,12/12/2018,1 kWh,kWh,32.34,32.1,34.02,33.96,39.18,128.04,153.42,163.32,168.66,181.5,180.24,175.5,181.14,172.62,146.82,72.36,40.26,31.74,31.5,30.54,28.68,30.0,31.5,29.88
1482404018 CHART PAK INC,12/13/2018,1 kWh,kWh,32.64,30.3,34.92,32.82,43.38,136.32,202.8,209.94,216.9,206.58,191.28,216.66,211.8,189.18,154.62,104.64,51.24,38.22,37.98,39.12,35.16,34.68,34.8,34.74
1482404018 CHART PAK INC,12/14/2018,1 kWh,kWh,34.62,35.64,36.6,36.96,43.56,131.1,180.78,188.52,199.68,204.72,209.52,197.52,212.04,181.62,143.52,69.18,39.24,35.7,35.76,36.06,31.56,32.16,28.8,27.48
1482404018 CHART PAK INC,12/15/2018,1 kWh,kWh,27.66,28.2,28.5,28.74,31.68,50.46,55.98,60.24,60.84,61.68,73.62,78.36,49.5,48.84,44.22,35.34,34.68,34.08,34.02,34.86,34.32,33.06,32.28,32.52
1482404018 CHART PAK INC,12/16/2018,1 kWh,kWh,32.1,33.48,32.52,33.12,32.88,33.24,32.76,33.06,32.82,33.0,33.18,32.82,33.72,32.82,34.56,33.36,29.82,32.34,34.08,34.14,33.6,34.08,33.72,33.78
1482404018 CHART PAK INC,12/17/2018,1 kWh,kWh,34.32,33.66,35.76,36.42,41.22,142.2,173.52,188.94,187.38,168.18,166.62,157.26,158.82,160.5,124.8,57.48,43.56,38.22,37.2,33.36,30.84,29.7,26.1,27.78
1482404018 CHART PAK INC,12/18/2018,1 kWh,kWh,28.56,27.12,30.24,31.5,37.8,104.28,150.84,167.4,166.74,162.18,163.5,160.56,160.86,158.34,106.32,56.1,38.82,30.66,29.88,30.96,26.64,28.02,27.06,28.62
1482404018 CHART PAK INC,12/19/2018,1 kWh,kWh,29.1,28.08,31.26,33.54,36.9,99.84,163.98,169.68,149.46,146.52,150.36,145.62,131.94,145.74,128.1,69.72,49.98,37.5,37.44,37.2,33.54,35.16,34.56,33.66
1482404018 CHART PAK INC,12/20/2018,1 kWh,kWh,34.68,34.56,35.22,35.1,44.34,126.84,159.12,176.34,169.68,163.02,159.84,153.9,149.76,137.7,128.4,63.6,35.04,32.46,30.3,31.44,24.84,28.32,23.64,25.02
1482404018 CHART PAK INC,12/21/2018,1 kWh,kWh,28.2,25.92,27.6,29.88,34.32,118.8,131.64,139.14,136.2,136.26,132.06,129.06,136.14,124.62,71.58,46.02,28.56,26.7,26.76,27.3,21.42,21.72,20.52,19.26
1482404018 CHART PAK INC,12/22/2018,1 kWh,kWh,18.18,18.36,17.94,19.62,19.74,18.78,22.56,23.4,23.7,24.66,23.82,23.16,23.58,22.62,23.34,25.02,25.2,23.94,24.66,25.68,24.54,25.68,25.32,25.86
1482404018 CHART PAK INC,12/23/2018,1 kWh,kWh,26.1,26.64,26.22,27.18,27.36,26.1,32.34,28.98,29.88,27.66,26.52,26.4,25.92,22.98,23.7,26.52,25.44,23.94,27.12,24.72,26.7,26.16,27.24,25.44
1482404018 CHART PAK INC,12/24/2018,1 kWh,kWh,27.48,25.26,29.88,27.42,32.34,29.88,32.58,29.4,31.26,29.46,29.46,30.78,28.44,27.66,27.12,27.3,26.7,28.74,26.94,27.78,25.92,23.4,26.7,24.48
1482404018 CHART PAK INC,12/25/2018,1 kWh,kWh,25.68,25.32,28.68,26.88,31.56,29.58,30.24,29.28,30.3,27.78,26.88,26.64,22.92,24.6,26.94,27.18,28.5,27.42,28.98,28.2,26.88,24.84,28.68,26.16
1482404018 CHART PAK INC,12/26/2018,1 kWh,kWh,29.7,27.42,31.2,29.22,37.14,123.48,132.6,142.2,143.04,136.08,134.04,134.4,128.88,135.96,106.02,53.64,43.14,30.66,29.1,32.64,28.26,27.48,28.14,27.9
1482404018 CHART PAK INC,12/27/2018,1 kWh,kWh,28.56,29.22,30.54,30.9,34.8,125.58,138.42,139.38,134.28,132.48,132.18,133.56,133.26,132.6,101.58,53.7,36.84,37.2,37.74,38.94,33.78,35.94,34.98,35.64
1482404018 CHART PAK INC,12/28/2018,1 kWh,kWh,34.98,33.96,36.36,36.9,39.12,123.96,136.68,139.86,137.88,138.48,133.08,137.64,138.6,136.56,94.56,53.22,32.64,29.46,29.94,29.04,25.26,27.06,24.78,25.86
1482404018 CHART PAK INC,12/29/2018,1 kWh,kWh,27.18,25.56,24.6,24.78,25.02,50.04,50.88,52.44,52.98,53.16,53.94,43.98,28.08,29.16,27.48,26.76,28.68,29.28,28.32,29.1,28.92,28.56,31.62,32.04
1482404018 CHART PAK INC,12/30/2018,1 kWh,kWh,31.86,32.52,33.48,32.28,33.66,32.64,32.76,32.76,30.9,30.0,29.94,26.52,24.54,22.32,26.58,28.26,27.6,25.56,27.6,29.28,28.02,26.94,28.92,28.86
1482404018 CHART PAK INC,12/31/2018,1 kWh,kWh,32.22,30.06,31.2,35.04,34.14,65.04,137.22,134.82,130.62,129.12,126.54,128.04,126.48,118.14,111.36,79.2,34.14,34.86,36.9,36.9,33.36,32.34,33.54,34.08
1482404018 CHART PAK INC,1/1/2019,1 kWh,kWh,32.4,33.6,35.64,33.78,37.74,36.78,35.22,34.5,34.56,33.42,31.08,30.36,35.7,29.64,33.0,33.54,33.6,36.84,33.42,37.08,34.14,34.8,37.08,37.38
1482404018 CHART PAK INC,1/2/2019,1 kWh,kWh,37.26,37.26,39.24,38.58,44.46,58.14,60.06,59.64,57.42,58.62,56.4,57.48,56.04,53.7,55.38,53.88,57.66,51.9,36.6,35.16,32.94,32.82,32.1,33.66
1482404018 CHART PAK INC,1/3/2019,1 kWh,kWh,32.16,34.44,34.14,35.7,37.08,61.56,112.26,127.8,155.46,180.84,175.2,166.02,168.48,167.64,126.42,66.9,47.4,38.16,35.28,36.12,27.72,30.3,25.5,27.18
1482404018 CHART PAK INC,1/4/2019,1 kWh,kWh,25.14,27.54,27.84,28.14,39.18,134.88,180.36,178.8,182.34,180.0,177.36,171.0,169.8,171.36,117.12,70.98,37.02,30.18,26.46,27.18,23.7,25.98,28.02,27.3
1482404018 CHART PAK INC,1/5/2019,1 kWh,kWh,29.1,27.0,29.76,28.8,60.18,113.52,128.52,131.46,128.58,126.6,126.96,121.68,108.24,50.34,49.08,34.98,31.62,33.42,30.66,33.18,30.9,33.0,30.54,32.22
1482404018 CHART PAK INC,1/6/2019,1 kWh,kWh,30.24,32.22,29.16,32.52,29.04,31.8,39.48,54.72,54.54,56.16,55.14,51.54,51.0,31.86,34.14,31.5,30.18,28.8,33.42,30.0,34.02,34.2,33.9,33.54
1482404018 CHART PAK INC,1/7/2019,1 kWh,kWh,32.82,35.34,34.68,35.76,40.44,149.94,184.14,199.56,192.48,191.94,194.28,201.6,198.12,200.1,142.32,115.5,76.32,40.8,40.74,39.96,37.5,34.56,37.08,34.62
1482404018 CHART PAK INC,1/8/2019,1 kWh,kWh,35.34,35.64,35.52,38.46,42.36,125.16,162.3,173.64,197.28,205.98,204.0,198.84,204.48,196.8,137.94,67.32,49.44,33.96,34.56,34.98,34.38,33.12,35.34,33.12
1482404018 CHART PAK INC,1/9/2019,1 kWh,kWh,32.22,33.72,36.42,33.9,43.2,145.5,170.82,179.22,184.86,183.12,188.46,174.6,175.32,167.04,124.26,111.18,73.68,38.28,36.54,37.68,33.66,32.94,32.4,31.8
1482404018 CHART PAK INC,1/10/2019,1 kWh,kWh,34.08,31.98,34.86,32.88,41.34,129.84,191.4,193.56,179.22,184.8,205.14,193.86,192.96,196.86,138.9,109.8,63.54,30.78,31.26,29.76,28.5,27.9,28.68,28.5
1482404018 CHART PAK INC,1/11/2019,1 kWh,kWh,28.44,30.12,31.02,31.92,39.42,142.68,205.2,209.88,209.94,211.68,211.98,210.48,217.14,179.04,132.48,66.66,57.12,47.82,45.18,44.88,39.9,38.76,40.44,42.72
1482404018 CHART PAK INC,1/12/2019,1 kWh,kWh,39.66,39.12,40.02,39.24,70.74,129.36,147.12,144.36,144.96,141.18,143.94,137.22,114.96,40.08,37.14,40.5,39.72,40.98,40.02,39.78,40.56,38.22,37.8,37.68
1482404018 CHART PAK INC,1/13/2019,1 kWh,kWh,38.28,38.16,38.16,37.8,38.28,37.92,38.22,39.06,38.04,38.58,37.26,34.62,33.18,33.54,33.78,34.5,33.36,33.78,35.76,35.4,35.4,38.52,36.48,37.62
1482404018 CHART PAK INC,1/14/2019,1 kWh,kWh,38.76,36.54,39.78,41.58,42.96,135.06,172.14,180.06,180.9,189.3,190.32,183.42,188.16,164.58,143.82,93.72,45.54,35.82,37.02,36.96,33.66,33.3,33.42,33.3
1482404018 CHART PAK INC,1/15/2019,1 kWh,kWh,34.62,36.36,35.22,38.4,40.98,137.94,181.68,196.2,194.52,192.18,199.08,191.34,189.48,177.84,148.2,88.02,53.82,42.96,40.74,42.24,39.24,38.22,37.2,37.08
1482404018 CHART PAK INC,1/16/2019,1 kWh,kWh,36.54,37.32,38.64,38.82,45.9,141.3,181.26,188.58,191.28,189.6,197.34,192.6,191.58,184.44,149.04,121.14,53.4,37.26,38.34,37.74,33.48,36.0,34.8,35.82
1482404018 CHART PAK INC,1/17/2019,1 kWh,kWh,37.26,36.3,41.52,40.8,49.32,148.02,191.34,190.32,185.64,190.98,185.22,183.42,181.98,176.34,144.42,97.44,63.72,46.26,46.8,46.14,42.3,41.46,40.02,40.56
1482404018 CHART PAK INC,1/18/2019,1 kWh,kWh,39.24,40.26,41.4,41.46,47.16,145.14,177.84,182.4,183.3,190.56,184.62,181.2,179.58,179.4,135.18,88.14,34.62,35.4,35.1,34.98,32.46,32.46,33.36,33.78
1482404018 CHART PAK INC,1/19/2019,1 kWh,kWh,33.06,34.02,35.1,34.56,76.98,122.4,133.14,141.48,149.46,143.64,141.66,137.7,108.66,39.78,38.34,38.16,39.06,37.14,36.12,37.8,36.84,36.84,37.02,36.78
1482404018 CHART PAK INC,1/20/2019,1 kWh,kWh,37.08,36.96,36.54,37.02,37.14,36.18,37.38,37.02,37.62,36.84,36.42,36.96,37.8,36.36,33.72,33.24,33.96,33.84,34.38,34.68,35.4,38.34,35.52,37.62
1482404018 CHART PAK INC,1/21/2019,1 kWh,kWh,37.68,36.36,41.1,40.62,39.6,140.76,162.6,172.02,173.04,169.62,169.02,170.52,166.62,168.9,148.26,94.26,62.1,54.12,53.1,51.48,54.36,53.1,52.14,53.46
1482404018 CHART PAK INC,1/22/2019,1 kWh,kWh,51.84,53.52,52.68,53.76,55.86,135.78,170.4,175.26,173.34,178.92,177.42,177.54,174.24,176.52,155.28,119.1,72.48,58.32,55.62,54.54,52.56,50.4,48.84,46.8
1482404018 CHART PAK INC,1/23/2019,1 kWh,kWh,46.62,47.76,48.96,48.96,52.5,138.36,165.0,172.86,174.9,174.6,172.92,168.72,166.74,168.6,151.68,103.02,61.44,43.62,43.2,42.06,41.82,41.76,37.38,35.4
1482404018 CHART PAK INC,1/24/2019,1 kWh,kWh,36.42,35.34,37.38,36.84,40.38,131.04,164.1,179.04,176.82,167.1,166.5,161.82,167.88,162.24,149.16,116.16,54.84,52.44,49.68,52.32,51.48,50.82,47.1,45.36
1482404018 CHART PAK INC,1/25/2019,1 kWh,kWh,45.6,45.72,45.72,45.9,50.16,131.4,157.44,163.92,166.98,164.7,163.8,168.0,167.16,161.7,147.9,123.6,49.92,36.66,38.82,40.08,40.74,40.38,39.78,40.8
1482404018 CHART PAK INC,1/26/2019,1 kWh,kWh,40.02,40.62,41.4,41.16,79.86,127.74,137.4,153.12,153.0,152.58,150.96,143.1,141.18,118.44,73.44,41.4,42.06,40.86,41.58,41.4,41.34,41.22,40.44,39.9
1482404018 CHART PAK INC,1/27/2019,1 kWh,kWh,39.72,39.3,40.08,39.78,39.54,40.08,80.82,102.9,102.0,102.78,102.84,94.5,36.6,36.78,36.3,35.88,35.88,36.78,36.48,34.86,33.6,33.42,33.3,33.36
1482404018 CHART PAK INC,1/28/2019,1 kWh,kWh,33.72,33.42,36.9,35.94,38.88,133.74,156.9,168.78,174.24,191.52,183.0,176.52,178.56,176.94,161.7,142.98,85.2,42.96,42.0,42.6,42.48,41.28,41.4,40.26
1482404018 CHART PAK INC,1/29/2019,1 kWh,kWh,40.98,39.42,41.1,41.4,44.76,141.12,194.46,204.66,199.5,183.12,179.46,177.24,184.14,202.26,178.68,159.6,95.16,57.0,53.76,53.22,52.8,49.02,47.1,46.02
1482404018 CHART PAK INC,1/30/2019,1 kWh,kWh,45.78,46.74,48.12,47.7,50.58,136.5,204.48,204.0,197.46,195.78,191.1,185.82,162.54,122.76,94.62,133.56,65.58,55.2,53.34,53.4,52.92,53.22,52.08,50.52
1482404018 CHART PAK INC,1/31/2019,1 kWh,kWh,51.42,51.42,54.12,53.58,57.12,154.26,206.22,209.7,206.64,196.98,192.18,188.76,193.8,181.8,147.06,145.98,91.5,40.68,39.36,40.32,40.2,39.36,40.38,39.6
1482404018 CHART PAK INC,2/1/2019,1 kWh,kWh,41.58,41.16,43.92,42.96,46.44,149.1,175.86,188.22,188.46,190.38,189.84,187.5,186.0,184.2,177.6,173.46,101.34,59.82,45.36,45.42,44.88,43.98,44.76,43.5
1482404018 CHART PAK INC,2/2/2019,1 kWh,kWh,43.68,42.9,44.7,45.3,88.74,139.68,156.06,150.18,144.84,141.12,145.08,140.88,134.04,119.82,68.58,37.56,39.18,37.74,37.32,37.08,35.94,37.68,37.32,37.26
1482404018 CHART PAK INC,2/3/2019,1 kWh,kWh,34.74,36.72,37.26,34.5,37.38,35.76,37.5,35.76,35.76,34.86,34.62,33.96,30.54,31.98,28.5,29.22,32.04,33.54,35.1,32.4,33.48,32.58,33.12,34.86
1482404018 CHART PAK INC,2/4/2019,1 kWh,kWh,33.9,33.96,35.94,35.46,38.1,152.52,197.34,203.4,200.1,193.98,190.92,185.04,188.82,181.14,153.24,132.66,72.9,39.6,39.6,39.96,41.46,42.84,42.12,42.78
1482404018 CHART PAK INC,2/5/2019,1 kWh,kWh,43.38,42.42,44.88,44.16,48.06,147.78,177.78,184.02,200.58,194.88,200.82,193.02,196.68,181.62,159.0,153.3,77.52,32.58,34.5,35.1,35.88,35.16,34.98,34.8
1482404018 CHART PAK INC,2/6/2019,1 kWh,kWh,34.98,35.46,37.62,37.14,39.36,148.26,196.08,202.86,205.8,211.5,206.1,197.1,208.26,200.64,172.2,152.16,83.1,40.44,37.74,38.04,39.84,39.18,36.78,34.38
1482404018 CHART PAK INC,2/7/2019,1 kWh,kWh,34.8,34.92,34.92,34.68,38.28,158.46,194.04,199.68,192.78,188.16,184.92,179.88,184.5,173.22,159.6,160.92,74.52,34.62,34.14,35.52,34.44,34.38,34.38,34.44
1482404018 CHART PAK INC,2/8/2019,1 kWh,kWh,34.14,34.44,36.12,35.94,40.98,140.4,181.62,189.6,184.14,179.58,182.64,169.68,175.74,153.72,151.32,146.94,81.24,34.44,36.0,33.12,32.88,33.66,31.68,32.34
1482404018 CHART PAK INC,2/9/2019,1 kWh,kWh,32.7,31.26,33.42,34.02,75.0,122.46,134.04,140.16,142.02,139.5,136.32,133.32,132.24,123.54,68.4,33.06,33.9,33.0,35.88,33.6,35.82,33.42,34.38,34.2
1482404018 CHART PAK INC,2/10/2019,1 kWh,kWh,31.74,34.32,33.0,33.72,34.56,32.7,35.04,34.98,32.1,31.8,31.14,26.7,27.42,27.12,27.9,31.8,31.74,32.04,33.54,33.0,32.22,33.36,31.8,32.94
1482404018 CHART PAK INC,2/11/2019,1 kWh,kWh,32.22,33.36,33.06,34.14,37.2,147.18,185.88,184.32,174.0,157.86,159.78,160.38,148.56,140.34,148.86,147.84,87.36,41.46,43.86,43.14,41.4,41.1,40.44,38.22
1482404018 CHART PAK INC,2/12/2019,1 kWh,kWh,41.28,40.8,40.74,42.24,47.22,132.66,148.68,187.02,177.24,184.74,181.02,180.12,181.38,180.48,108.84,60.0,44.46,42.78,42.84,42.48,41.64,40.2,40.02,39.66
1482404018 CHART PAK INC,2/13/2019,1 kWh,kWh,38.16,39.66,40.14,40.08,44.88,120.96,184.26,185.76,183.42,182.46,183.18,178.56,185.88,180.66,158.4,158.76,95.76,49.74,50.82,50.88,50.4,50.4,50.22,49.44
1482404018 CHART PAK INC,2/14/2019,1 kWh,kWh,49.98,50.94,51.6,52.38,56.4,148.86,180.0,177.42,177.3,179.16,179.58,179.52,179.22,174.3,141.3,143.22,76.32,40.08,41.94,39.12,41.46,40.56,39.12,39.96
1482404018 CHART PAK INC,2/15/2019,1 kWh,kWh,39.54,39.48,42.0,40.44,45.6,133.02,144.48,150.6,146.46,147.0,138.9,137.82,140.04,141.9,94.2,59.34,56.94,37.26,31.98,31.02,32.16,29.28,30.06,29.94
1482404018 CHART PAK INC,2/16/2019,1 kWh,kWh,28.02,31.08,29.28,31.08,29.1,31.56,29.7,32.16,28.74,28.26,27.72,27.54,27.36,24.48,26.28,24.48,28.44,28.98,30.84,30.6,31.38,31.68,31.62,31.68
1482404018 CHART PAK INC,2/17/2019,1 kWh,kWh,31.44,33.24,31.62,33.36,32.4,34.68,33.78,34.5,30.0,28.92,25.32,22.62,23.46,22.26,23.34,24.9,26.88,30.42,29.34,31.8,29.76,29.94,29.4,31.14
1482404018 CHART PAK INC,2/18/2019,1 kWh,kWh,29.28,32.7,30.78,33.06,30.9,31.92,31.26,32.52,31.14,31.5,31.2,31.74,31.14,30.24,30.42,30.6,30.42,31.32,32.88,30.96,34.38,31.98,35.28,33.18
1482404018 CHART PAK INC,2/19/2019,1 kWh,kWh,35.52,35.34,35.7,35.82,42.9,160.74,182.52,188.46,199.98,197.58,201.12,194.76,200.4,192.18,152.46,135.9,81.48,36.72,35.46,37.68,37.92,38.82,39.72,39.96
1482404018 CHART PAK INC,2/20/2019,1 kWh,kWh,39.06,41.16,43.38,42.9,45.84,157.38,192.78,194.46,198.12,201.78,201.18,196.8,194.58,193.08,160.86,155.46,81.24,42.78,39.42,42.36,38.64,40.44,38.7,38.04
1482404018 CHART PAK INC,2/21/2019,1 kWh,kWh,39.3,37.62,38.82,39.06,42.0,151.62,186.9,203.82,193.32,178.2,195.24,196.74,196.5,190.2,152.88,141.9,73.68,38.76,37.62,38.64,38.22,35.34,35.52,35.4
1482404018 CHART PAK INC,2/22/2019,1 kWh,kWh,34.92,32.34,35.04,36.18,40.8,150.48,183.24,187.8,185.1,187.62,185.46,178.38,185.64,184.68,149.76,127.08,66.9,35.34,31.8,34.56,33.42,33.6,35.64,34.56
1482404018 CHART PAK INC,2/23/2019,1 kWh,kWh,34.56,35.1,35.46,38.1,82.8,137.46,149.28,160.56,158.58,143.88,152.7,152.64,122.52,110.34,70.98,35.4,38.4,38.82,41.16,40.5,37.62,40.02,39.18,38.46
1482404018 CHART PAK INC,2/24/2019,1 kWh,kWh,35.1,37.56,37.68,37.86,37.2,37.8,38.82,77.46,108.18,106.44,107.22,99.3,35.88,30.78,34.2,31.2,34.2,33.06,32.94,35.22,32.46,35.52,33.54,36.36
1482404018 CHART PAK INC,2/25/2019,1 kWh,kWh,36.66,35.16,35.52,37.2,40.56,156.96,181.74,189.06,180.18,180.48,181.44,176.16,187.14,192.0,159.3,141.12,83.94,43.62,44.16,44.58,43.62,43.56,42.84,42.36
1482404018 CHART PAK INC,2/26/2019,1 kWh,kWh,42.36,41.64,42.12,41.88,46.26,154.14,189.18,195.3,194.58,187.92,188.1,181.74,180.72,180.18,144.42,133.5,79.32,41.34,42.84,42.0,42.48,42.54,41.82,42.3
1482404018 CHART PAK INC,2/27/2019,1 kWh,kWh,42.6,42.48,44.04,43.26,53.94,157.32,180.06,185.22,186.72,182.58,188.4,186.18,185.46,183.84,147.9,138.06,93.3,44.88,45.84,44.88,42.66,40.98,40.8,36.72
1482404018 CHART PAK INC,2/28/2019,1 kWh,kWh,40.02,39.12,37.98,39.72,41.64,156.0,184.38,195.9,195.0,185.94,190.44,183.0,186.06,176.76,141.12,125.7,79.2,36.12,37.8,37.02,36.9,39.24,38.64,38.76
1482404018 CHART PAK INC,3/1/2019,1 kWh,kWh,38.82,37.32,39.06,39.3,47.7,162.72,188.94,192.78,193.38,181.32,188.94,182.1,183.6,175.02,138.36,132.96,69.54,43.32,41.7,43.8,43.02,41.28,42.18,41.58
1482404018 CHART PAK INC,3/2/2019,1 kWh,kWh,39.24,40.56,38.7,40.74,68.94,117.72,126.72,128.58,129.12,128.22,123.3,119.52,113.4,31.56,30.42,35.22,34.98,36.18,36.42,35.94,38.7,36.0,37.5,36.06
1482404018 CHART PAK INC,3/3/2019,1 kWh,kWh,37.92,36.9,36.84,37.74,37.86,37.86,60.96,100.92,103.14,100.74,97.8,92.22,28.02,25.92,21.96,28.08,33.78,34.92,36.0,37.56,37.56,35.94,38.16,37.62
1482404018 CHART PAK INC,3/4/2019,1 kWh,kWh,37.8,37.98,40.14,39.3,39.48,144.78,181.62,184.62,189.3,184.44,186.42,171.36,162.0,150.06,130.8,117.6,65.52,31.44,31.44,34.08,32.58,35.46,33.54,34.2
1482404018 CHART PAK INC,3/5/2019,1 kWh,kWh,35.76,35.7,38.16,37.38,51.54,141.96,167.76,176.64,189.18,177.84,181.44,175.5,181.62,176.76,136.32,128.34,79.02,40.5,40.86,40.62,40.5,42.84,41.64,41.58
1482404018 CHART PAK INC,3/6/2019,1 kWh,kWh,41.04,41.34,42.42,41.94,60.84,157.62,185.88,184.5,183.06,182.22,184.2,182.1,181.98,176.1,136.74,132.36,89.52,49.32,48.12,44.94,44.04,42.72,42.36,41.16
1482404018 CHART PAK INC,3/7/2019,1 kWh,kWh,39.72,41.4,41.82,41.64,52.32,163.14,189.3,181.62,170.58,167.76,168.3,161.34,168.84,165.66,140.64,134.76,76.98,43.14,42.66,42.6,42.06,42.54,41.7,41.22
1482404018 CHART PAK INC,3/8/2019,1 kWh,kWh,41.64,41.28,42.9,42.6,54.0,147.78,178.38,179.7,178.44,169.02,166.26,163.44,161.22,155.52,136.5,130.02,90.0,61.8,59.4,58.08,57.96,58.08,56.16,56.28
1482404018 CHART PAK INC,3/9/2019,1 kWh,kWh,55.08,54.78,54.9,55.44,54.48,118.08,130.02,128.22,126.6,116.88,116.82,112.5,111.6,110.7,63.12,26.28,31.56,35.46,38.7,40.5,40.14,40.14,40.08,39.72
1482404018 CHART PAK INC,3/10/2019,1 kWh,kWh,41.4,39.84,,40.02,39.66,38.22,40.08,38.22,40.2,39.0,39.96,37.2,40.32,37.62,37.32,35.34,37.98,37.02,40.14,39.24,37.5,37.5,37.98,39.84
1482404018 CHART PAK INC,3/11/2019,1 kWh,kWh,40.8,39.6,36.12,41.76,44.7,142.56,162.6,166.14,175.14,164.34,165.9,160.14,157.98,148.02,131.82,83.46,38.46,31.92,35.46,35.16,39.12,37.68,37.32,38.7
1482404018 CHART PAK INC,3/12/2019,1 kWh,kWh,37.2,37.62,38.52,39.72,48.96,140.64,152.76,164.4,169.86,167.34,172.08,162.3,166.2,161.82,137.7,87.84,49.2,33.54,31.8,32.94,34.32,33.72,35.64,32.76
1482404018 CHART PAK INC,3/13/2019,1 kWh,kWh,35.16,33.9,35.7,37.5,46.86,141.18,170.76,177.18,163.5,158.16,154.74,152.64,152.04,143.16,119.7,71.76,47.7,33.6,33.48,31.38,34.2,31.26,32.52,31.74
1482404018 CHART PAK INC,3/14/2019,1 kWh,kWh,31.5,34.44,31.2,35.22,44.22,130.8,153.66,156.66,160.08,156.36,157.8,150.72,135.06,129.72,126.9,77.76,42.54,25.68,26.82,28.26,28.8,31.68,27.18,29.16
1482404018 CHART PAK INC,3/15/2019,1 kWh,kWh,28.44,28.74,29.28,30.6,36.6,131.28,151.92,150.96,140.22,142.8,137.94,136.8,137.64,136.68,125.58,75.6,38.4,29.64,29.34,33.3,32.52,31.2,30.78,30.66
1482404018 CHART PAK INC,3/16/2019,1 kWh,kWh,29.04,28.32,31.38,25.62,31.44,28.14,28.2,29.88,28.02,25.08,25.74,23.94,24.06,23.7,24.42,26.58,26.22,28.56,27.12,30.6,31.08,29.58,32.58,30.96
1482404018 CHART PAK INC,3/17/2019,1 kWh,kWh,32.58,30.84,31.38,33.3,30.66,33.66,31.5,31.56,31.14,27.9,30.36,24.3,24.18,24.24,24.36,24.84,23.4,25.5,28.92,31.98,30.9,33.66,32.46,31.86
1482404018 CHART PAK INC,3/18/2019,1 kWh,kWh,33.18,32.22,33.36,36.0,38.04,103.2,168.72,174.24,166.92,170.22,158.4,152.1,156.72,159.0,131.52,84.66,41.46,32.82,36.84,39.72,40.62,40.92,41.46,40.68
1482404018 CHART PAK INC,3/19/2019,1 kWh,kWh,41.82,40.02,38.64,42.12,44.7,134.46,166.92,174.06,170.88,161.64,171.18,157.92,160.62,154.92,133.08,83.64,52.02,31.44,35.52,35.46,37.26,37.62,36.6,36.42
1482404018 CHART PAK INC,3/20/2019,1 kWh,kWh,38.82,37.14,37.92,38.22,43.2,138.6,178.08,183.24,180.06,175.8,181.2,167.4,170.52,164.52,132.24,85.86,36.96,24.84,30.12,31.86,30.36,32.28,30.36,36.06
1482404018 CHART PAK INC,3/21/2019,1 kWh,kWh,36.54,34.32,36.96,34.86,40.26,147.78,175.26,179.88,180.9,177.9,172.5,172.38,174.0,174.18,140.04,82.74,49.56,29.58,31.38,31.74,30.06,30.36,30.12,30.24
1482404018 CHART PAK INC,3/22/2019,1 kWh,kWh,31.74,30.18,32.82,33.18,35.88,150.3,172.26,176.76,170.64,177.9,178.02,173.22,173.34,160.56,93.18,38.58,34.62,33.6,32.7,34.74,33.66,32.64,35.34,30.66
1482404018 CHART PAK INC,3/23/2019,1 kWh,kWh,35.16,33.6,34.62,35.88,34.5,72.96,117.48,120.66,116.4,114.6,118.8,115.68,112.38,110.7,64.2,26.22,25.74,27.6,29.22,33.12,32.22,34.86,34.2,34.14
1482404018 CHART PAK INC,3/24/2019,1 kWh,kWh,35.1,32.28,34.2,35.22,34.98,33.78,34.08,33.72,28.38,25.44,24.96,25.02,22.26,20.04,20.58,20.28,25.02,21.06,25.56,27.12,34.14,29.88,31.74,30.6
1482404018 CHART PAK INC,3/25/2019,1 kWh,kWh,34.44,30.72,34.14,34.44,38.4,139.62,153.6,152.88,166.32,163.62,167.7,161.16,160.2,158.88,129.0,65.28,20.16,21.78,23.22,24.66,27.42,27.24,28.44,27.18
1482404018 CHART PAK INC,3/26/2019,1 kWh,kWh,28.92,29.58,29.4,32.4,33.84,133.38,165.9,163.68,158.58,158.28,159.24,149.46,134.22,133.08,125.94,72.3,24.9,25.74,27.78,31.32,30.18,30.72,30.54,29.94
1482404018 CHART PAK INC,3/27/2019,1 kWh,kWh,28.56,31.32,28.38,30.12,33.24,140.4,177.06,182.76,183.3,181.74,180.18,156.06,160.74,155.16,123.84,69.06,22.5,21.72,21.42,26.4,24.72,26.76,25.86,27.48
1482404018 CHART PAK INC,3/28/2019,1 kWh,kWh,28.5,28.08,30.54,28.56,34.74,144.78,169.74,179.16,156.36,145.38,169.92,152.88,157.8,155.4,127.92,76.26,38.88,19.92,21.42,24.3,21.9,23.58,25.92,23.16
1482404018 CHART PAK INC,3/29/2019,1 kWh,kWh,24.12,24.84,25.02,24.54,33.72,129.0,180.3,186.0,171.36,159.9,155.34,151.92,151.92,151.98,87.96,51.36,29.7,27.48,26.22,26.22,26.46,26.4,27.3,26.52
1482404018 CHART PAK INC,3/30/2019,1 kWh,kWh,25.92,25.92,25.32,25.98,25.68,38.1,111.18,109.98,108.96,108.78,110.94,63.9,20.52,18.84,19.14,18.06,17.88,17.28,17.64,19.02,20.52,20.88,20.34,20.52
1482404018 CHART PAK INC,3/31/2019,1 kWh,kWh,20.52,20.46,21.0,20.88,20.46,20.82,21.12,20.52,20.52,18.78,18.9,19.92,20.46,20.94,21.96,24.54,24.24,24.18,23.34,25.2,24.12,26.76,24.78,27.18
1482404018 CHART PAK INC,4/1/2019,1 kWh,kWh,25.08,29.04,26.4,30.0,31.92,139.02,171.24,162.0,159.42,154.62,156.0,150.18,152.4,150.66,128.04,70.92,24.18,21.96,22.98,27.66,29.16,26.7,31.08,29.88
1482404018 CHART PAK INC,4/2/2019,1 kWh,kWh,28.62,31.86,30.3,34.38,35.88,138.72,163.2,178.14,170.7,168.06,169.14,162.66,163.68,149.94,122.82,85.86,26.7,26.28,27.72,27.6,27.6,28.92,27.42,29.16
1482404018 CHART PAK INC,4/3/2019,1 kWh,kWh,27.0,25.98,28.44,29.88,31.38,137.22,149.46,152.64,151.32,142.08,136.8,132.0,136.56,130.44,127.92,68.7,25.62,22.5,22.38,25.14,25.92,26.46,27.84,26.4
1482404018 CHART PAK INC,4/4/2019,1 kWh,kWh,24.96,28.5,27.42,29.88,31.86,133.38,164.58,165.48,162.18,160.8,166.38,151.32,155.7,156.0,132.66,78.36,37.14,29.28,30.72,33.12,36.3,37.56,34.38,37.02
1482404018 CHART PAK INC,4/5/2019,1 kWh,kWh,36.0,35.16,36.0,38.7,40.14,139.56,162.3,166.44,166.2,163.62,155.34,141.6,141.0,138.84,133.86,73.26,31.8,27.78,31.62,30.84,30.3,32.94,28.86,33.3
1482404018 CHART PAK INC,4/6/2019,1 kWh,kWh,30.06,31.68,29.94,31.86,31.86,30.3,31.26,29.82,27.72,28.62,25.2,20.52,22.02,21.54,19.98,20.82,20.82,21.12,21.3,23.82,26.94,27.96,28.8,28.56
1482404018 CHART PAK INC,4/7/2019,1 kWh,kWh,27.96,30.6,29.22,30.96,30.36,30.96,30.54,27.18,27.96,25.38,21.78,20.22,19.62,19.68,19.44,21.3,19.74,21.3,20.82,21.36,25.68,25.44,24.78,24.84
1482404018 CHART PAK INC,4/8/2019,1 kWh,kWh,29.4,28.62,30.06,30.48,34.14,125.7,161.88,166.74,163.44,164.76,166.86,161.34,160.56,154.98,125.88,78.36,29.7,28.14,27.72,28.8,28.08,30.42,27.66,29.94
1482404018 CHART PAK INC,4/9/2019,1 kWh,kWh,27.9,30.66,28.02,31.02,34.98,131.28,156.36,156.3,153.36,148.08,157.26,155.76,158.52,158.4,119.4,75.18,39.3,40.5,38.4,36.18,38.64,32.76,34.08,32.88
1482404018 CHART PAK INC,4/10/2019,1 kWh,kWh,35.64,34.44,33.24,36.72,37.14,139.14,161.64,168.06,169.74,160.38,163.08,153.66,157.5,156.18,123.96,71.4,21.3,26.58,25.32,27.42,27.3,29.16,29.76,30.0
1482404018 CHART PAK INC,4/11/2019,1 kWh,kWh,33.12,29.52,34.14,32.22,37.8,128.88,154.44,158.94,167.46,161.58,167.22,153.42,159.42,162.78,134.76,73.74,24.84,24.78,27.12,29.1,26.58,26.88,28.38,25.56
1482404018 CHART PAK INC,4/12/2019,1 kWh,kWh,28.62,27.24,29.04,30.36,33.72,130.92,175.14,174.6,175.38,157.86,162.18,150.18,151.62,139.74,87.36,43.98,34.86,32.34,30.6,28.38,27.96,29.04,27.36,27.0
1482404018 CHART PAK INC,4/13/2019,1 kWh,kWh,26.4,23.88,26.16,24.36,24.54,25.5,25.02,24.66,24.18,21.6,19.86,20.16,19.2,18.36,19.44,18.48,18.9,18.18,18.12,19.62,19.5,19.68,21.0,25.26
1482404018 CHART PAK INC,4/14/2019,1 kWh,kWh,24.36,24.36,25.86,24.24,25.74,24.78,24.9,24.54,22.02,19.56,20.58,20.4,21.48,19.32,19.56,18.9,18.9,19.74,20.1,20.52,21.0,20.64,20.94,23.28
1482404018 CHART PAK INC,4/15/2019,1 kWh,kWh,24.24,21.0,22.14,25.5,25.74,125.16,148.74,155.82,149.88,149.7,156.12,147.72,151.62,148.68,124.5,59.88,20.4,22.14,20.22,22.56,22.98,24.06,22.56,24.84
1482404018 CHART PAK INC,4/16/2019,1 kWh,kWh,24.66,24.54,25.2,26.28,29.64,127.98,158.64,168.6,165.96,162.84,163.32,151.44,151.5,145.38,132.96,73.08,42.6,33.6,32.88,35.04,32.7,32.28,32.58,34.26
1482404018 CHART PAK INC,4/17/2019,1 kWh,kWh,34.02,34.74,35.16,37.26,38.52,87.18,140.4,153.66,149.28,152.28,152.58,147.18,143.7,132.84,118.74,75.78,36.96,20.58,21.6,21.36,23.22,27.78,27.24,27.3
1482404018 CHART PAK INC,4/18/2019,1 kWh,kWh,27.96,26.76,30.12,29.88,33.42,122.64,142.26,148.14,140.82,144.96,140.64,154.2,162.12,160.68,131.22,69.24,31.74,26.88,25.2,25.62,24.66,23.64,23.52,23.4
1482404018 CHART PAK INC,4/19/2019,1 kWh,kWh,22.86,22.02,22.2,23.16,23.16,22.92,22.56,22.74,19.56,19.2,19.02,19.02,18.9,18.84,18.78,19.02,19.2,18.3,18.36,18.06,18.42,18.48,18.0,17.52
1482404018 CHART PAK INC,4/20/2019,1 kWh,kWh,18.66,20.58,17.94,19.74,21.96,18.42,18.54,22.14,22.26,18.24,18.66,20.4,19.86,18.66,18.66,18.6,18.54,18.42,19.86,20.94,20.28,20.46,19.74,21.48
1482404018 CHART PAK INC,4/21/2019,1 kWh,kWh,21.84,21.48,21.66,21.78,21.36,21.66,21.96,21.36,17.88,18.12,17.88,17.64,18.12,18.6,17.64,18.0,18.06,18.0,17.94,19.98,21.6,21.66,21.72,21.84
1482404018 CHART PAK INC,4/22/2019,1 kWh,kWh,21.42,21.84,22.02,23.88,27.42,126.72,157.74,157.74,156.48,152.28,159.36,155.58,161.22,159.6,133.86,79.68,37.08,25.56,26.52,29.04,25.92,25.86,27.78,25.86
1482404018 CHART PAK INC,4/23/2019,1 kWh,kWh,27.66,25.44,27.12,27.42,33.48,131.46,172.68,164.82,168.18,167.34,170.1,171.36,176.46,178.44,90.72,32.76,25.92,23.1,22.86,22.32,20.76,22.38,19.26,22.68
1482404018 CHART PAK INC,4/24/2019,1 kWh,kWh,19.02,22.32,23.64,28.68,28.02,151.32,174.24,170.28,176.7,171.24,179.7,180.3,181.92,181.14,134.34,84.96,33.72,28.44,27.06,28.8,31.98,30.96,33.18,35.4
1482404018 CHART PAK INC,4/25/2019,1 kWh,kWh,36.3,37.56,36.78,39.72,41.94,151.44,184.5,186.6,183.18,185.58,186.66,182.34,185.4,185.1,140.46,83.28,25.2,25.56,21.84,23.58,21.54,21.36,22.62,27.0
1482404018 CHART PAK INC,4/26/2019,1 kWh,kWh,23.94,25.8,22.68,27.96,31.2,125.58,172.98,171.12,173.28,174.78,171.18,175.26,188.1,160.02,128.64,67.74,42.84,31.32,31.56,31.62,31.68,30.72,31.62,30.48
1482404018 CHART PAK INC,4/27/2019,1 kWh,kWh,32.34,32.28,29.34,31.74,32.28,30.78,31.26,32.16,29.94,28.44,29.52,29.34,25.86,28.14,28.08,26.88,27.3,29.04,29.22,30.9,30.9,31.5,32.76,31.98
1482404018 CHART PAK INC,4/28/2019,1 kWh,kWh,29.16,30.96,32.4,31.68,30.78,32.34,32.64,30.06,29.46,28.38,28.32,28.86,28.5,28.5,27.54,28.26,28.8,28.92,29.4,30.36,30.84,31.86,32.34,32.16
1482404018 CHART PAK INC,4/29/2019,1 kWh,kWh,31.98,35.64,32.52,35.94,38.7,130.44,149.04,144.3,143.22,143.94,150.96,150.54,151.08,157.8,111.24,52.8,40.62,29.04,31.26,31.02,34.92,35.22,27.6,31.62
1482404018 CHART PAK INC,4/30/2019,1 kWh,kWh,32.7,32.58,33.54,33.36,36.96,141.0,177.72,172.62,173.16,171.3,175.92,175.44,170.58,168.3,137.34,81.66,25.5,21.6,24.42,27.3,27.06,28.98,28.8,31.62
1482404018 CHART PAK INC,5/1/2019,1 kWh,kWh,30.0,28.86,30.9,31.5,33.18,139.92,171.72,169.74,171.84,134.22,80.46,79.14,73.86,72.66,53.16,41.4,31.8,54.3,66.0,29.04,29.46,31.14,28.38,28.26
1482404018 CHART PAK INC,5/2/2019,1 kWh,kWh,30.36,28.86,30.66,30.48,34.86,125.4,168.54,170.64,163.56,171.12,171.78,164.1,173.46,166.68,141.18,80.76,29.16,28.14,28.32,29.22,28.5,30.42,28.56,29.76
1482404018 CHART PAK INC,5/3/2019,1 kWh,kWh,29.22,28.62,30.48,29.64,36.42,109.74,174.24,169.98,164.22,166.02,162.36,157.44,165.0,153.9,95.76,56.4,38.82,33.96,36.48,36.9,37.02,33.72,33.06,34.92
1482404018 CHART PAK INC,5/4/2019,1 kWh,kWh,30.66,34.02,33.54,36.42,34.38,34.74,36.42,34.68,34.02,31.38,30.6,34.08,30.42,29.1,28.2,29.1,26.82,28.26,27.0,26.4,30.0,30.66,32.4,28.38
1482404018 CHART PAK INC,5/5/2019,1 kWh,kWh,31.68,32.04,29.16,30.6,30.06,33.78,32.46,32.52,33.66,32.34,30.72,30.96,32.58,31.38,33.3,32.4,26.94,34.02,33.48,29.88,35.52,34.56,35.46,35.46
1482404018 CHART PAK INC,5/6/2019,1 kWh,kWh,34.08,33.96,35.76,35.76,39.3,130.38,160.38,162.48,160.2,159.0,161.28,154.56,157.74,150.78,126.06,65.88,22.02,22.08,21.66,19.98,24.0,19.38,21.42,19.98
1482404018 CHART PAK INC,5/7/2019,1 kWh,kWh,27.72,25.44,26.88,27.48,32.58,126.48,161.7,164.88,159.3,159.9,152.34,151.14,153.54,135.66,130.02,62.22,24.54,23.22,24.24,21.9,23.1,20.82,21.96,22.86
1482404018 CHART PAK INC,5/8/2019,1 kWh,kWh,24.3,24.54,26.16,29.28,30.12,137.4,165.12,158.52,151.92,160.32,163.98,162.78,165.0,171.48,134.64,79.62,38.52,25.32,25.38,24.48,24.54,22.44,28.14,29.34
1482404018 CHART PAK INC,5/9/2019,1 kWh,kWh,28.8,27.6,29.16,29.46,34.38,129.66,174.66,175.44,172.14,165.6,136.92,133.14,136.5,135.36,125.76,77.16,37.74,21.54,22.26,22.14,21.36,24.3,26.4,21.72
1482404018 CHART PAK INC,5/10/2019,1 kWh,kWh,27.3,25.92,25.56,27.48,29.28,117.18,134.1,138.78,140.46,140.34,141.24,133.38,139.68,132.36,126.3,64.68,24.36,19.08,20.46,19.98,25.56,19.92,22.44,20.28
1482404018 CHART PAK INC,5/11/2019,1 kWh,kWh,24.72,25.08,21.96,23.94,26.46,27.36,26.46,26.4,20.34,21.0,19.38,18.78,20.1,18.54,18.54,19.08,18.18,18.24,18.6,17.28,21.12,18.12,23.82,19.98
1482404018 CHART PAK INC,5/12/2019,1 kWh,kWh,24.06,21.06,25.74,26.64,25.92,25.86,27.36,25.68,26.22,28.62,25.98,30.12,27.96,28.02,27.96,28.44,26.7,29.88,27.6,29.7,27.54,29.22,28.8,29.22
1482404018 CHART PAK INC,5/13/2019,1 kWh,kWh,27.24,30.12,28.08,29.76,32.22,116.52,134.64,136.32,141.42,141.06,138.84,129.12,129.54,131.88,116.94,48.78,40.32,30.06,29.46,30.78,28.92,28.32,27.84,26.88
1482404018 CHART PAK INC,5/14/2019,1 kWh,kWh,24.84,26.88,25.8,26.58,40.2,101.94,148.98,178.74,180.06,176.88,175.38,167.76,165.36,173.16,128.94,66.54,31.02,29.46,28.98,28.98,29.58,30.72,27.9,30.12
1482404018 CHART PAK INC,5/15/2019,1 kWh,kWh,30.84,28.74,28.62,31.98,32.16,133.08,173.58,172.38,173.58,167.76,166.2,162.66,165.66,168.18,124.32,73.2,25.38,19.14,17.7,20.1,16.2,22.8,21.66,25.08
1482404018 CHART PAK INC,5/16/2019,1 kWh,kWh,25.62,25.44,27.72,30.24,32.1,140.28,170.94,170.82,166.62,166.74,163.56,162.12,165.06,164.4,128.34,71.28,21.42,22.62,21.84,19.8,24.12,19.02,25.74,27.6
1482404018 CHART PAK INC,5/17/2019,1 kWh,kWh,27.6,26.64,26.64,27.0,29.16,123.78,169.8,169.38,170.04,170.46,172.26,166.92,172.56,164.28,127.14,79.62,26.34,28.38,26.64,25.14,25.68,26.16,30.42,27.18
1482404018 CHART PAK INC,5/18/2019,1 kWh,kWh,30.42,31.74,32.46,34.2,32.88,33.24,33.96,30.78,26.52,26.1,26.4,25.32,26.1,26.7,25.5,26.82,26.22,24.42,25.02,25.56,23.28,25.5,24.36,25.62
1482404018 CHART PAK INC,5/19/2019,1 kWh,kWh,25.38,28.26,30.42,32.04,67.02,119.64,125.88,120.12,119.88,112.2,104.4,113.28,127.14,119.64,108.96,22.44,23.82,21.78,20.94,21.6,19.92,20.64,20.52,18.48
1482404018 CHART PAK INC,5/20/2019,1 kWh,kWh,20.94,18.06,19.74,19.14,21.18,112.2,129.96,135.84,154.08,158.94,162.06,157.44,162.48,163.14,124.98,76.5,30.6,28.08,28.08,27.96,25.44,26.34,26.46,23.52
1482404018 CHART PAK INC,5/21/2019,1 kWh,kWh,26.04,23.76,25.38,25.62,26.94,108.72,158.94,154.02,152.16,151.8,147.0,134.88,131.34,128.76,117.54,69.78,26.28,20.82,21.0,21.24,18.96,20.04,16.86,18.36
1482404018 CHART PAK INC,5/22/2019,1 kWh,kWh,20.88,19.56,20.34,19.92,22.74,120.6,161.58,169.62,171.18,172.5,175.62,173.04,175.68,170.46,124.26,77.82,42.42,32.88,27.84,25.56,26.16,23.22,21.06,22.26
1482404018 CHART PAK INC,5/23/2019,1 kWh,kWh,16.56,18.84,17.58,18.18,25.32,85.56,165.24,169.26,179.04,177.42,179.46,174.48,178.86,172.14,124.92,72.42,27.96,22.08,19.44,20.28,20.52,18.24,20.1,17.76
1482404018 CHART PAK INC,5/24/2019,1 kWh,kWh,19.2,23.76,22.56,25.5,28.08,119.46,162.54,175.8,178.68,178.14,183.42,179.1,177.78,168.42,82.02,34.68,24.54,21.72,21.3,21.72,19.26,20.58,17.88,17.28
1482404018 CHART PAK INC,5/25/2019,1 kWh,kWh,20.46,19.26,21.72,24.72,24.6,25.56,24.18,23.1,19.2,19.98,18.78,19.26,19.86,19.56,19.14,19.14,19.32,19.62,18.3,16.86,18.72,16.32,17.4,17.46
1482404018 CHART PAK INC,5/26/2019,1 kWh,kWh,15.6,19.26,16.92,22.32,17.28,20.88,18.84,20.28,16.98,18.66,19.56,19.44,21.6,21.6,22.02,21.36,23.82,20.58,20.4,19.14,18.06,18.96,18.06,17.1
1482404018 CHART PAK INC,5/27/2019,1 kWh,kWh,17.94,16.44,19.08,18.6,18.3,19.38,20.52,18.24,19.92,20.46,23.46,26.16,24.9,26.22,26.34,25.44,27.24,21.78,19.38,18.48,19.98,16.8,17.88,18.66
1482404018 CHART PAK INC,5/28/2019,1 kWh,kWh,15.9,18.42,16.5,19.02,23.22,115.38,175.38,171.6,175.5,174.6,176.64,175.86,172.92,168.42,122.88,80.34,40.56,26.7,30.54,30.54,29.82,27.78,27.12,24.96
1482404018 CHART PAK INC,5/29/2019,1 kWh,kWh,26.22,25.38,25.14,26.58,30.6,132.6,173.64,173.76,176.1,172.68,170.46,172.08,167.16,162.06,122.64,68.82,27.66,17.94,17.46,18.66,15.3,19.74,16.56,18.9
1482404018 CHART PAK INC,5/30/2019,1 kWh,kWh,19.86,20.28,21.06,21.06,27.48,104.46,130.62,135.54,135.96,138.42,134.1,130.02,135.96,136.8,127.5,76.08,26.52,24.0,19.98,21.6,20.34,18.54,21.18,16.98
1482404018 CHART PAK INC,5/31/2019,1 kWh,kWh,24.0,18.96,19.68,21.12,23.58,108.24,165.0,157.86,162.48,165.3,166.2,163.26,168.54,166.8,126.96,79.08,25.62,23.1,22.74,20.76,21.9,20.1,19.32,19.56
1482404018 CHART PAK INC,6/1/2019,1 kWh,kWh,17.04,20.22,15.9,22.14,61.02,113.34,117.0,112.98,110.94,111.12,114.18,109.98,90.42,20.94,18.96,19.2,20.04,18.66,18.3,18.54,17.04,17.82,17.64,16.02
1482404018 CHART PAK INC,6/2/2019,1 kWh,kWh,18.78,15.78,16.74,18.24,15.12,18.72,16.62,18.6,18.42,16.44,18.06,16.86,18.78,21.12,19.92,18.48,18.66,17.82,19.08,17.28,16.74,18.3,16.32,17.28
1482404018 CHART PAK INC,6/3/2019,1 kWh,kWh,17.58,15.42,19.92,16.74,24.66,124.86,155.22,157.32,152.34,157.92,159.48,156.0,153.24,151.56,112.68,61.38,25.62,24.6,23.64,23.64,21.84,23.58,22.14,25.62
1482404018 CHART PAK INC,6/4/2019,1 kWh,kWh,24.42,28.02,25.26,25.68,35.94,89.52,178.56,174.6,171.72,150.72,152.04,150.12,155.34,155.16,83.7,41.1,24.48,21.9,21.96,19.74,22.26,18.24,20.94,17.7
1482404018 CHART PAK INC,6/5/2019,1 kWh,kWh,18.84,18.42,16.38,21.0,23.52,115.08,151.44,148.32,147.48,146.04,147.3,144.42,159.66,157.26,123.0,56.82,41.04,26.82,25.44,24.96,20.34,19.8,19.86,17.4
1482404018 CHART PAK INC,6/6/2019,1 kWh,kWh,18.6,17.16,17.16,19.74,21.96,106.92,144.54,152.52,154.14,151.56,158.64,152.28,139.98,142.56,136.5,82.92,49.44,35.4,31.44,29.76,24.24,23.46,22.74,20.88
1482404018 CHART PAK INC,6/7/2019,1 kWh,kWh,20.7,15.24,19.74,16.56,21.72,105.48,127.14,132.9,129.24,133.74,137.4,133.02,138.84,135.48,130.98,63.0,32.58,25.74,26.1,22.8,20.76,21.12,17.46,19.02
1482404018 CHART PAK INC,6/8/2019,1 kWh,kWh,18.18,16.74,17.82,15.24,52.38,89.34,90.18,85.32,86.88,86.04,86.1,87.78,77.82,25.38,24.54,23.58,24.54,23.04,21.12,17.52,18.42,17.82,17.16,17.94
1482404018 CHART PAK INC,6/9/2019,1 kWh,kWh,15.36,19.08,14.1,17.58,15.24,16.92,16.26,19.26,17.76,18.72,18.18,18.06,19.92,23.04,26.82,23.76,25.02,21.12,21.06,19.98,16.8,17.82,18.72,16.14
1482404018 CHART PAK INC,6/10/2019,1 kWh,kWh,18.3,15.0,18.12,17.52,56.88,109.56,129.36,148.62,149.16,148.5,153.06,151.44,155.58,155.94,94.56,52.74,29.58,22.98,22.08,19.74,19.44,20.16,17.64,19.62
1482404018 CHART PAK INC,6/11/2019,1 kWh,kWh,19.68,18.48,20.46,19.38,26.16,110.46,148.92,143.82,147.66,147.3,152.16,142.5,150.72,159.12,126.24,63.18,34.02,20.7,21.12,17.16,17.16,19.02,15.6,19.26
1482404018 CHART PAK INC,6/12/2019,1 kWh,kWh,15.9,19.5,17.64,17.52,23.22,106.44,142.5,146.04,149.04,151.44,159.12,155.04,157.8,150.42,124.32,62.1,47.4,34.44,30.9,31.08,23.1,23.82,19.56,18.96
1482404018 CHART PAK INC,6/13/2019,1 kWh,kWh,19.14,17.04,18.48,16.44,69.0,127.2,161.22,164.82,139.86,150.0,151.32,138.36,136.44,125.52,117.72,74.22,29.46,19.8,22.44,17.88,22.38,17.76,23.22,17.16
1482404018 CHART PAK INC,6/14/2019,1 kWh,kWh,22.2,20.04,20.28,20.88,26.64,108.18,169.56,168.6,170.1,170.1,170.52,163.14,162.72,166.56,114.9,45.6,23.64,16.38,18.48,16.74,17.16,17.52,16.02,17.52
1482404018 CHART PAK INC,6/15/2019,1 kWh,kWh,15.96,20.4,19.14,18.48,44.52,89.1,94.86,93.36,92.94,92.46,91.5,88.86,71.04,20.88,22.5,24.36,21.66,20.94,20.52,18.06,18.72,19.5,17.46,18.9
1482404018 CHART PAK INC,6/16/2019,1 kWh,kWh,18.06,18.3,18.3,16.74,19.02,15.96,20.16,16.32,19.32,17.64,18.6,18.3,17.52,19.38,16.38,19.8,17.34,19.14,17.52,19.44,17.64,19.08,17.82,17.94
1482404018 CHART PAK INC,6/17/2019,1 kWh,kWh,18.0,16.02,19.68,17.7,54.12,124.68,160.56,161.1,160.14,172.08,171.18,165.0,166.62,162.66,126.48,81.96,38.7,25.02,23.22,21.42,21.3,19.8,19.44,20.46
1482404018 CHART PAK INC,6/18/2019,1 kWh,kWh,18.6,20.52,19.02,21.96,47.64,123.72,153.42,161.46,176.22,179.04,183.06,168.42,165.84,161.34,118.56,111.6,57.96,20.82,19.08,26.34,24.6,22.56,25.26,23.64
1482404018 CHART PAK INC,6/19/2019,1 kWh,kWh,26.1,25.56,27.0,27.84,61.38,132.24,154.56,158.88,162.36,168.24,176.82,164.82,174.3,176.1,132.42,127.8,67.38,34.56,33.06,32.04,30.42,30.24,29.82,28.44
1482404018 CHART PAK INC,6/20/2019,1 kWh,kWh,25.08,23.64,23.28,25.14,27.24,102.42,156.96,160.98,159.66,161.76,161.52,159.9,163.68,162.36,125.22,118.44,61.62,23.7,25.32,26.1,24.6,25.14,24.84,27.42
1482404018 CHART PAK INC,6/21/2019,1 kWh,kWh,24.66,21.9,27.42,23.88,28.32,102.42,164.82,164.64,162.54,163.68,164.64,161.64,173.22,168.78,128.64,116.88,67.02,30.3,28.68,31.32,25.2,26.7,26.7,29.4
1482404018 CHART PAK INC,6/22/2019,1 kWh,kWh,28.8,30.24,30.54,28.62,29.34,57.6,111.84,113.22,117.84,110.58,111.6,64.38,29.16,31.38,27.06,26.64,27.36,25.26,23.94,26.52,23.04,22.92,25.62,23.34
1482404018 CHART PAK INC,6/23/2019,1 kWh,kWh,21.48,25.2,22.26,22.92,23.4,23.34,23.34,23.64,25.86,22.2,20.58,27.9,25.98,26.82,26.94,28.2,28.08,28.26,23.64,27.9,24.0,21.42,23.16,26.88
1482404018 CHART PAK INC,6/24/2019,1 kWh,kWh,22.08,21.72,25.26,24.54,27.84,79.08,159.24,158.04,136.8,140.64,137.76,142.32,162.96,157.26,135.12,77.04,36.06,34.02,30.0,26.76,23.52,22.32,19.44,19.38
1482404018 CHART PAK INC,6/25/2019,1 kWh,kWh,19.92,18.66,19.92,20.22,23.58,74.4,146.1,149.64,147.3,149.4,150.6,142.56,140.34,142.32,121.2,80.94,35.82,23.4,24.24,24.24,21.06,21.84,21.06,19.74
1482404018 CHART PAK INC,6/26/2019,1 kWh,kWh,25.26,21.36,21.42,22.44,23.28,111.42,145.86,155.64,158.52,159.36,164.1,159.48,165.78,151.26,137.64,86.04,38.1,34.56,31.98,31.5,29.82,28.38,28.2,25.62
1482404018 CHART PAK INC,6/27/2019,1 kWh,kWh,17.88,19.86,18.72,20.58,26.7,91.68,129.12,126.54,135.78,144.18,149.1,148.08,146.52,145.08,135.48,82.32,33.48,31.68,30.6,25.68,22.14,21.24,19.62,19.02
1482404018 CHART PAK INC,6/28/2019,1 kWh,kWh,20.16,18.9,19.44,22.26,22.86,70.68,127.08,144.78,156.72,163.08,164.4,159.84,171.48,168.3,106.56,66.66,43.62,41.46,38.22,31.92,26.82,24.0,21.24,21.66
1482404018 CHART PAK INC,6/29/2019,1 kWh,kWh,21.72,21.3,21.36,22.02,20.82,19.68,19.68,22.02,19.74,21.9,25.68,22.98,25.38,28.26,26.52,34.26,33.18,35.52,30.3,25.86,21.24,20.4,20.22,18.72
1482404018 CHART PAK INC,6/30/2019,1 kWh,kWh,20.64,21.3,20.34,22.56,18.48,19.2,19.26,19.68,22.26,19.92,19.68,20.88,26.16,26.22,23.64,23.52,24.36,26.34,23.16,21.3,20.4,18.48,20.1,20.16
1482404018 CHART PAK INC,7/1/2019,1 kWh,kWh,18.6,20.7,17.88,20.7,24.3,96.72,138.42,138.6,130.86,138.66,145.56,139.68,150.12,147.06,134.7,87.48,46.92,37.26,33.54,24.42,22.56,19.86,18.48,19.68
1482404018 CHART PAK INC,7/2/2019,1 kWh,kWh,20.94,18.78,19.56,20.1,23.46,103.74,132.12,154.26,150.3,153.36,153.18,142.38,149.64,146.22,140.7,94.08,43.56,35.94,33.84,27.96,23.94,23.34,21.48,20.94
1482404018 CHART PAK INC,7/3/2019,1 kWh,kWh,27.24,23.88,22.26,20.82,23.52,121.44,138.48,153.24,160.92,164.76,168.72,170.88,171.54,154.44,100.8,49.74,33.6,33.42,33.96,32.1,28.5,26.58,25.74,23.88
1482404018 CHART PAK INC,7/4/2019,1 kWh,kWh,21.36,20.04,19.2,22.26,19.68,21.24,20.04,20.76,26.7,34.68,37.8,36.36,38.46,39.84,40.74,40.68,40.68,39.96,36.96,33.78,27.96,24.9,21.36,22.38
1482404018 CHART PAK INC,7/5/2019,1 kWh,kWh,21.3,21.54,23.58,22.14,21.9,19.8,21.48,22.62,26.04,33.36,37.5,35.76,37.98,39.12,39.6,40.62,40.08,38.82,36.48,31.56,27.24,25.32,24.12,22.26
1482404018 CHART PAK INC,7/6/2019,1 kWh,kWh,24.06,21.96,21.96,28.74,22.38,22.5,22.68,24.48,27.06,31.56,38.4,37.5,37.86,39.42,39.78,37.38,32.4,30.0,24.54,22.86,23.16,21.24,21.66,21.6
1482404018 CHART PAK INC,7/7/2019,1 kWh,kWh,21.9,22.44,21.96,24.3,22.38,18.78,21.9,20.82,22.02,26.04,27.96,30.36,32.4,33.3,34.56,34.56,35.16,34.74,33.84,25.26,23.7,21.12,19.86,20.28
1482404018 CHART PAK INC,7/8/2019,1 kWh,kWh,21.12,18.6,20.7,20.52,25.02,111.72,148.62,167.88,182.7,182.58,194.28,192.42,197.34,193.74,153.12,97.92,54.18,40.56,37.38,29.94,27.18,25.2,22.98,22.44
1482404018 CHART PAK INC,7/9/2019,1 kWh,kWh,22.98,20.46,23.58,18.78,23.28,112.74,165.78,160.26,171.36,193.08,191.28,191.52,173.82,162.18,151.2,99.72,50.1,43.08,38.22,31.98,26.58,25.14,23.22,22.44
1482404018 CHART PAK INC,7/10/2019,1 kWh,kWh,28.92,25.2,23.16,24.54,25.44,103.14,141.78,149.82,156.06,162.9,162.06,156.96,166.32,165.18,147.54,93.3,53.94,44.16,40.74,36.18,32.76,28.86,27.84,24.6
1482404018 CHART PAK INC,7/11/2019,1 kWh,kWh,21.06,21.18,18.9,22.32,22.62,108.96,147.3,153.0,154.5,159.6,167.1,162.24,171.96,169.26,149.46,103.02,51.78,39.36,33.3,27.3,26.76,22.68,22.02,22.92
1482404018 CHART PAK INC,7/12/2019,1 kWh,kWh,21.18,21.42,24.84,23.64,25.08,120.9,154.38,161.7,169.56,169.26,177.48,168.96,177.36,164.82,141.3,95.82,48.9,45.72,42.42,37.74,32.46,30.3,29.7,27.66
1482404018 CHART PAK INC,7/13/2019,1 kWh,kWh,29.34,28.44,24.96,29.46,26.28,24.6,25.5,27.78,31.74,36.66,38.76,37.44,40.08,42.84,43.38,44.1,44.46,44.88,40.56,37.32,30.48,27.96,26.1,25.08
1482404018 CHART PAK INC,7/14/2019,1 kWh,kWh,27.06,24.72,25.74,28.68,24.48,24.96,24.96,27.6,33.18,37.44,42.12,42.3,47.64,46.38,46.32,46.2,45.72,45.36,43.14,40.14,33.48,30.12,27.9,30.12
1482404018 CHART PAK INC,7/15/2019,1 kWh,kWh,26.34,26.64,26.34,25.68,29.04,113.16,134.82,139.62,166.68,156.12,172.62,169.8,171.0,160.32,150.0,97.8,54.84,40.32,35.28,29.76,24.66,22.74,21.84,20.82
1482404018 CHART PAK INC,7/16/2019,1 kWh,kWh,22.68,19.92,21.72,22.44,29.16,110.88,131.88,141.6,137.1,138.42,142.62,148.8,152.28,153.48,149.4,104.28,58.98,44.04,43.74,39.66,36.06,30.66,28.38,26.58
1482404018 CHART PAK INC,7/17/2019,1 kWh,kWh,32.22,30.96,29.58,31.44,32.28,118.74,141.12,141.9,147.9,146.52,151.62,149.46,153.9,150.18,147.9,94.92,44.82,37.8,33.24,32.4,31.98,29.7,30.06,30.66
1482404018 CHART PAK INC,7/18/2019,1 kWh,kWh,27.24,24.72,24.84,27.78,27.54,121.86,139.2,149.46,147.96,148.56,149.7,145.02,143.04,138.9,128.28,83.7,44.34,26.7,27.72,24.48,24.66,24.06,21.96,24.48
1482404018 CHART PAK INC,7/19/2019,1 kWh,kWh,24.18,23.94,26.58,24.24,25.44,114.84,139.38,140.94,142.74,148.14,151.92,146.94,150.06,159.12,113.88,69.66,63.9,60.6,56.64,54.66,49.26,45.18,41.28,40.14
1482404018 CHART PAK INC,7/20/2019,1 kWh,kWh,39.6,39.18,33.66,39.54,33.42,56.82,115.44,119.88,123.6,128.22,123.24,82.62,48.78,47.58,50.1,49.2,48.84,49.2,45.42,43.08,40.2,37.74,34.14,31.92
1482404018 CHART PAK INC,7/21/2019,1 kWh,kWh,32.16,28.14,27.84,31.38,25.14,22.74,25.32,28.2,30.24,31.08,38.1,42.06,44.04,45.0,45.42,45.84,43.68,43.74,41.1,37.56,34.62,32.4,27.84,26.94
1482404018 CHART PAK INC,7/22/2019,1 kWh,kWh,27.36,24.36,24.12,24.42,29.1,128.1,143.76,158.34,145.14,144.0,147.48,138.18,154.38,151.98,142.98,86.58,40.44,23.94,22.08,23.82,20.94,22.74,21.18,20.76
1482404018 CHART PAK INC,7/23/2019,1 kWh,kWh,22.56,20.1,22.02,23.22,64.92,130.74,143.64,147.78,133.62,132.78,134.16,130.68,137.46,135.78,130.38,86.76,46.92,36.72,32.7,28.98,27.06,27.36,25.86,24.54
1482404018 CHART PAK INC,7/24/2019,1 kWh,kWh,28.32,25.38,25.92,24.84,24.72,117.9,147.48,149.88,153.42,169.98,176.64,169.44,177.3,178.2,142.5,91.74,45.78,42.6,39.18,35.16,32.34,30.36,27.54,26.88
1482404018 CHART PAK INC,7/25/2019,1 kWh,kWh,27.18,25.2,28.8,27.24,28.98,110.76,142.92,143.1,145.5,154.8,163.08,158.58,161.76,159.18,137.58,122.52,71.04,32.1,33.66,28.56,27.24,22.86,23.22,23.4
1482404018 CHART PAK INC,7/26/2019,1 kWh,kWh,21.24,23.46,20.58,25.14,20.58,117.42,147.6,149.94,151.08,158.4,165.36,161.88,167.22,164.82,125.7,57.0,43.44,43.98,41.82,30.48,26.58,23.58,23.58,22.62
1482404018 CHART PAK INC,7/27/2019,1 kWh,kWh,23.34,22.86,21.72,23.94,21.72,22.74,22.68,22.62,24.0,28.56,32.88,36.06,39.6,41.58,34.08,38.88,39.66,40.8,36.42,31.26,28.14,24.78,24.3,23.16
1482404018 CHART PAK INC,7/28/2019,1 kWh,kWh,24.42,22.56,22.8,22.38,23.28,21.42,30.66,76.62,80.7,84.84,87.78,95.28,98.16,99.24,89.1,44.76,44.04,43.44,40.68,38.34,32.28,27.48,25.98,24.36
1482404018 CHART PAK INC,7/29/2019,1 kWh,kWh,26.22,24.84,21.6,24.36,28.86,113.22,133.98,142.32,149.7,148.86,153.0,151.26,152.94,154.38,141.6,129.12,83.22,41.88,39.54,35.76,34.14,27.3,25.98,23.88
1482404018 CHART PAK INC,7/30/2019,1 kWh,kWh,26.04,22.68,23.04,23.22,30.54,126.42,141.78,148.98,157.14,162.06,159.06,149.88,156.54,151.8,147.06,117.42,60.54,42.48,41.46,37.32,34.8,29.88,27.48,25.98
1482404018 CHART PAK INC,7/31/2019,1 kWh,kWh,31.38,31.44,29.7,29.88,71.82,124.44,138.66,145.14,155.7,155.88,158.64,155.22,162.0,155.94,143.46,133.38,61.5,44.16,41.1,38.82,36.36,32.82,30.96,29.04
1482404018 CHART PAK INC,8/1/2019,1 kWh,kWh,25.44,24.3,20.76,20.88,26.34,111.66,132.3,137.76,157.08,163.2,171.12,162.78,169.2,161.28,155.34,104.64,44.04,42.9,38.58,28.8,28.26,25.08,23.58,24.96
1482404018 CHART PAK INC,8/2/2019,1 kWh,kWh,22.14,23.4,20.88,24.0,25.92,124.44,157.92,164.46,160.8,161.94,166.8,169.74,174.54,155.28,143.64,74.64,44.4,40.14,32.46,28.32,24.54,21.96,22.32,21.66
1482404018 CHART PAK INC,8/3/2019,1 kWh,kWh,22.2,23.1,20.52,23.4,22.14,21.3,22.74,21.06,23.4,22.86,24.78,29.46,32.4,31.14,28.14,22.5,28.44,24.54,21.72,22.44,21.66,20.58,21.84,20.46
1482404018 CHART PAK INC,8/4/2019,1 kWh,kWh,21.54,22.14,20.16,22.5,19.62,21.42,20.16,21.84,20.58,24.12,25.02,30.72,32.04,31.44,32.64,35.7,34.74,34.86,28.38,26.1,21.9,21.12,21.54,20.34
1482404018 CHART PAK INC,8/5/2019,1 kWh,kWh,21.72,20.94,19.98,23.22,24.48,124.08,131.7,139.68,145.32,150.24,157.08,151.8,156.84,143.04,135.72,89.88,46.38,33.36,28.44,24.66,20.88,22.08,19.86,20.7
1482404018 CHART PAK INC,8/6/2019,1 kWh,kWh,20.4,20.34,20.7,21.36,24.9,118.92,142.5,150.12,150.54,151.68,160.62,155.94,168.54,171.36,145.44,126.36,71.7,31.02,29.64,28.02,24.24,22.68,21.6,21.06
1482404018 CHART PAK INC,8/7/2019,1 kWh,kWh,26.46,26.58,22.68,26.1,25.44,116.82,159.06,157.98,162.78,159.3,169.5,161.7,172.26,175.44,140.16,91.02,49.56,41.16,40.32,35.1,32.7,29.58,29.22,25.5
1482404018 CHART PAK INC,8/8/2019,1 kWh,kWh,24.96,23.94,21.6,24.78,60.3,115.26,130.08,136.98,141.66,141.42,151.74,145.74,151.32,149.58,149.04,120.6,40.92,39.3,34.08,24.96,23.76,22.5,20.76,22.68
1482404018 CHART PAK INC,8/9/2019,1 kWh,kWh,21.84,20.82,22.62,21.66,58.68,118.26,149.22,152.64,156.06,160.92,169.2,165.54,169.68,171.24,145.68,82.26,41.28,37.62,31.08,28.02,23.22,23.28,22.5,21.6
1482404018 CHART PAK INC,8/10/2019,1 kWh,kWh,21.18,19.62,20.4,22.02,19.62,22.32,19.68,21.54,22.68,22.32,24.18,25.08,24.18,26.94,30.24,29.4,28.68,29.16,22.08,22.08,20.76,20.7,20.88,19.74
1482404018 CHART PAK INC,8/11/2019,1 kWh,kWh,22.5,19.32,22.8,20.88,20.94,23.52,24.0,22.98,21.24,23.04,24.06,22.74,29.4,27.78,27.3,26.52,28.74,26.58,24.9,22.74,20.58,22.2,21.12,20.76
1482404018 CHART PAK INC,8/12/2019,1 kWh,kWh,22.32,20.46,22.32,22.26,41.7,115.74,141.42,152.4,159.0,158.22,170.82,164.4,173.52,181.08,164.52,132.48,53.76,33.78,29.7,25.68,22.98,21.6,21.48,20.7
1482404018 CHART PAK INC,8/13/2019,1 kWh,kWh,22.44,22.38,20.58,23.58,62.64,121.08,168.24,172.86,179.94,179.16,176.04,166.08,177.96,177.96,156.18,135.36,46.68,30.66,28.92,27.18,25.38,24.48,23.22,21.84
1482404018 CHART PAK INC,8/14/2019,1 kWh,kWh,29.1,27.42,23.7,26.94,29.28,135.66,167.88,167.46,178.8,171.72,172.56,158.28,165.96,169.44,145.68,83.28,38.94,38.88,32.46,29.88,27.96,25.32,24.0,22.5
1482404018 CHART PAK INC,8/15/2019,1 kWh,kWh,21.06,21.54,20.28,24.12,24.6,116.64,153.84,151.98,140.22,141.0,149.34,151.5,152.16,153.24,145.5,94.92,46.5,33.3,28.86,25.92,23.52,21.24,21.18,20.88
1482404018 CHART PAK INC,8/16/2019,1 kWh,kWh,21.48,22.86,22.8,23.94,42.78,115.74,135.42,143.64,147.9,149.52,154.86,150.36,160.68,155.04,144.72,72.48,39.36,37.8,30.24,26.88,25.5,21.6,22.02,23.22
1482404018 CHART PAK INC,8/17/2019,1 kWh,kWh,21.54,22.56,22.38,24.66,23.7,21.18,22.44,21.6,21.66,24.36,22.56,22.32,23.88,29.76,34.26,34.5,35.7,33.6,29.28,24.96,23.22,21.84,20.4,21.96
1482404018 CHART PAK INC,8/18/2019,1 kWh,kWh,21.12,21.36,20.76,21.96,21.36,19.92,21.48,20.1,21.0,22.8,21.84,27.54,32.52,36.36,38.82,39.36,39.48,38.82,34.68,28.92,26.16,24.54,22.32,23.22
1482404018 CHART PAK INC,8/19/2019,1 kWh,kWh,22.5,22.2,21.96,21.9,34.02,113.76,153.3,163.98,165.66,170.52,172.08,168.6,176.58,160.44,149.7,94.74,67.68,59.64,52.5,43.8,38.28,34.38,32.7,31.32
1482404018 CHART PAK INC,8/20/2019,1 kWh,kWh,33.42,31.5,30.6,31.38,30.78,102.54,145.92,150.6,155.46,160.5,166.8,164.28,170.46,168.66,142.98,92.82,51.6,45.42,39.72,35.16,31.38,28.68,29.16,28.32
1482404018 CHART PAK INC,8/21/2019,1 kWh,kWh,34.2,34.92,32.94,35.28,35.82,123.48,149.52,154.26,157.8,156.9,163.56,157.68,162.3,162.3,141.54,75.9,38.94,39.66,37.26,36.84,34.08,32.4,30.84,28.26
1482404018 CHART PAK INC,8/22/2019,1 kWh,kWh,29.76,28.62,27.6,29.94,31.56,117.96,153.42,155.4,160.02,164.1,170.1,168.78,174.84,174.54,151.8,101.46,49.02,35.4,32.52,29.88,25.86,25.68,25.38,23.22
1482404018 CHART PAK INC,8/23/2019,1 kWh,kWh,22.14,23.7,24.72,25.14,29.88,117.96,154.98,158.76,163.44,160.74,165.36,158.94,163.98,141.54,131.4,85.74,39.18,33.54,30.78,27.18,28.32,26.16,27.12,27.0
1482404018 CHART PAK INC,8/24/2019,1 kWh,kWh,23.94,25.62,23.16,27.66,23.46,74.94,99.66,105.36,99.48,97.02,96.9,55.2,24.12,24.12,25.14,24.3,22.32,21.18,20.58,18.54,20.22,19.08,18.12,20.22
1482404018 CHART PAK INC,8/25/2019,1 kWh,kWh,18.54,19.02,19.5,18.0,20.94,17.88,20.64,17.58,20.52,19.92,21.24,20.46,22.74,24.42,25.32,23.34,24.12,22.8,19.56,19.92,19.2,20.34,20.16,21.48
1482404018 CHART PAK INC,8/26/2019,1 kWh,kWh,21.78,21.54,21.72,23.4,26.88,112.86,130.92,132.6,129.24,130.56,131.64,129.48,138.66,139.68,129.84,79.08,31.56,25.44,22.14,20.82,22.2,20.52,21.6,20.88
1482404018 CHART PAK INC,8/27/2019,1 kWh,kWh,20.88,21.42,22.38,21.84,28.56,109.02,131.04,133.86,133.8,134.46,139.74,136.56,146.1,143.34,134.58,88.5,45.42,26.94,22.2,22.5,22.14,20.64,21.9,19.86
1482404018 CHART PAK INC,8/28/2019,1 kWh,kWh,21.9,21.78,18.96,23.04,25.98,111.9,125.94,131.04,133.38,137.04,141.06,139.8,148.26,144.3,136.32,90.3,47.28,31.86,26.34,25.02,24.66,20.76,22.14,20.22
1482404018 CHART PAK INC,8/29/2019,1 kWh,kWh,20.88,19.92,19.08,22.38,25.68,117.24,131.64,127.62,132.84,137.1,145.8,141.24,150.42,145.92,145.02,94.98,46.92,31.32,25.86,23.28,23.16,20.64,22.56,21.48
1482404018 CHART PAK INC,8/30/2019,1 kWh,kWh,20.28,18.36,20.58,20.16,27.3,111.84,133.74,137.7,131.88,133.56,137.1,139.38,151.92,142.62,98.7,43.92,33.3,30.96,27.66,23.34,22.14,21.9,20.64,20.46
1482404018 CHART PAK INC,8/31/2019,1 kWh,kWh,18.54,20.1,19.2,20.52,20.46,20.82,19.62,20.28,20.34,21.18,23.28,24.0,25.8,28.86,30.36,26.88,26.76,23.82,19.92,20.28,19.44,18.9,20.1,17.94
1482404018 CHART PAK INC,9/1/2019,1 kWh,kWh,23.34,18.06,21.24,21.84,21.6,22.8,21.78,20.58,20.22,20.4,22.74,23.16,22.32,21.78,21.96,22.44,24.6,21.3,20.1,20.58,19.98,21.78,19.98,19.86
1482404018 CHART PAK INC,9/2/2019,1 kWh,kWh,20.16,18.72,21.72,20.34,22.74,19.44,21.72,20.22,20.88,22.2,21.0,22.92,20.22,21.0,20.52,20.1,24.3,22.5,19.62,21.12,17.76,19.86,20.1,19.68
1482404018 CHART PAK INC,9/3/2019,1 kWh,kWh,20.64,18.06,21.42,20.22,24.18,111.9,125.58,132.48,142.14,144.06,150.96,150.42,154.74,156.42,135.06,101.4,48.0,28.68,25.62,22.08,23.52,21.12,21.54,21.84
1482404018 CHART PAK INC,9/4/2019,1 kWh,kWh,22.86,23.64,19.02,23.16,23.88,118.56,142.26,144.06,148.86,148.86,172.62,169.02,174.9,174.9,154.08,92.22,54.0,36.72,31.08,28.74,23.4,23.64,19.86,19.98
1482404018 CHART PAK INC,9/5/2019,1 kWh,kWh,20.04,20.22,20.28,23.16,25.32,125.88,158.16,161.04,155.52,157.02,154.2,142.38,154.02,145.74,138.18,85.92,45.48,24.78,23.64,21.18,22.92,19.8,20.4,19.92
1482404018 CHART PAK INC,9/6/2019,1 kWh,kWh,19.8,20.1,18.0,23.46,28.2,115.14,131.52,140.82,135.0,131.4,144.84,137.88,142.56,142.8,118.92,82.74,30.06,22.56,20.76,18.96,20.28,19.74,19.62,20.1
1482404018 CHART PAK INC,9/7/2019,1 kWh,kWh,18.78,19.98,18.3,20.94,53.16,108.9,111.3,112.32,108.3,111.42,117.06,122.58,123.72,87.84,22.74,23.16,20.34,20.28,20.28,18.36,21.0,19.98,20.28,18.72
1482404018 CHART PAK INC,9/8/2019,1 kWh,kWh,18.66,20.7,22.32,24.72,20.46,23.52,21.36,24.54,18.3,20.52,21.72,20.52,21.9,22.14,21.3,22.62,21.0,20.1,20.58,19.68,20.76,20.04,20.82,19.26
1482404018 CHART PAK INC,9/9/2019,1 kWh,kWh,21.06,19.32,22.2,24.66,30.96,118.86,154.14,143.64,131.52,128.4,140.34,137.1,135.36,148.14,142.2,89.34,44.82,26.22,25.2,23.04,25.08,22.56,24.42,22.02
1482404018 CHART PAK INC,9/10/2019,1 kWh,kWh,21.78,21.9,21.96,23.58,27.06,112.44,138.54,157.32,161.4,160.62,165.06,154.32,161.88,146.58,126.36,76.8,41.76,29.28,27.84,25.32,24.9,24.42,22.08,22.44
1482404018 CHART PAK INC,9/11/2019,1 kWh,kWh,22.26,23.4,20.52,22.74,27.24,118.8,152.34,159.96,166.98,158.52,170.46,166.98,180.84,184.68,149.52,97.5,49.08,33.18,30.24,27.72,26.58,22.92,22.98,19.92
1482404018 CHART PAK INC,9/12/2019,1 kWh,kWh,20.7,18.54,19.8,20.34,22.98,123.36,156.78,163.74,163.2,171.78,175.08,165.42,163.32,154.08,128.94,70.92,41.28,28.14,27.9,24.78,27.12,22.56,24.66,24.42
1482404018 CHART PAK INC,9/13/2019,1 kWh,kWh,27.3,23.7,22.8,29.22,29.64,128.76,159.18,164.04,158.52,155.34,165.42,154.86,159.96,166.32,134.82,67.5,27.12,23.52,21.96,24.96,20.94,24.0,23.1,23.7
1482404018 CHART PAK INC,9/14/2019,1 kWh,kWh,26.76,25.26,25.44,25.02,64.68,119.7,129.18,128.4,133.08,130.8,123.12,110.34,93.3,19.32,20.16,19.74,22.02,17.16,18.42,18.66,17.04,20.34,16.5,20.52
1482404018 CHART PAK INC,9/15/2019,1 kWh,kWh,16.5,18.84,18.48,19.2,19.5,22.32,21.48,24.84,20.16,20.04,21.18,21.12,22.92,23.82,24.48,26.16,20.82,20.22,19.38,17.76,20.4,17.64,20.34,18.24
1482404018 CHART PAK INC,9/16/2019,1 kWh,kWh,18.54,19.08,19.26,19.86,27.9,121.68,169.08,172.74,170.16,163.68,157.62,144.96,148.62,157.98,142.98,86.64,31.62,23.52,23.4,22.08,22.02,22.02,20.34,22.02
1482404018 CHART PAK INC,9/17/2019,1 kWh,kWh,22.38,22.32,25.62,27.06,32.94,118.32,149.94,174.66,171.48,166.2,164.4,169.86,168.84,164.88,148.14,90.3,49.86,36.66,33.54,32.88,30.9,30.96,26.7,28.86
1482404018 CHART PAK INC,9/18/2019,1 kWh,kWh,29.16,32.82,32.1,33.36,34.74,113.76,143.28,149.1,146.34,144.24,155.76,159.54,160.08,153.0,132.96,92.94,41.94,28.38,24.42,24.96,23.58,23.88,27.06,25.38
1482404018 CHART PAK INC,9/19/2019,1 kWh,kWh,25.56,25.62,25.68,28.68,34.26,121.26,151.32,153.06,152.28,148.74,147.36,145.68,146.76,147.84,124.74,86.4,31.14,27.54,22.8,24.84,25.26,24.66,20.88,23.16
1482404018 CHART PAK INC,9/20/2019,1 kWh,kWh,25.02,25.38,28.38,27.36,29.82,121.92,149.4,149.82,149.34,146.76,151.02,143.82,146.1,140.82,123.36,111.6,32.82,24.48,21.48,19.92,18.48,16.38,18.24,15.24
1482404018 CHART PAK INC,9/21/2019,1 kWh,kWh,19.44,19.92,19.68,20.34,47.04,98.22,102.42,99.54,95.88,95.52,97.62,51.0,24.3,20.58,20.64,22.26,21.3,19.2,18.48,18.72,17.22,19.86,17.7,21.0
1482404018 CHART PAK INC,9/22/2019,1 kWh,kWh,17.16,20.34,16.08,20.34,20.58,20.28,22.08,20.46,17.76,19.86,19.26,20.94,20.04,19.98,21.24,20.82,21.48,19.5,18.72,18.6,17.28,19.92,17.22,20.52
1482404018 CHART PAK INC,9/23/2019,1 kWh,kWh,18.0,18.42,19.2,19.38,22.32,101.46,140.64,146.94,156.96,154.2,151.14,150.18,156.3,148.56,133.32,90.06,37.86,30.48,24.96,23.88,22.02,20.22,21.18,19.32
1482404018 CHART PAK INC,9/24/2019,1 kWh,kWh,17.34,19.08,17.88,20.88,22.14,108.96,139.8,144.3,146.94,146.52,151.74,152.4,156.42,156.66,128.76,66.96,21.06,17.1,17.16,17.76,16.5,17.4,16.02,19.32
1482404018 CHART PAK INC,9/25/2019,1 kWh,kWh,17.58,16.74,19.32,21.0,26.04,110.76,146.4,147.12,147.48,148.08,153.18,149.88,153.9,153.72,127.86,71.46,30.0,28.56,21.36,19.92,17.16,18.36,16.86,18.36
1482404018 CHART PAK INC,9/26/2019,1 kWh,kWh,16.56,20.16,20.16,21.78,25.62,103.86,147.12,150.0,151.38,149.64,149.7,144.72,143.7,141.54,119.76,78.12,29.46,21.24,21.78,20.52,19.92,19.62,19.2,24.24
1482404018 CHART PAK INC,9/27/2019,1 kWh,kWh,22.08,22.98,22.74,25.5,30.48,114.42,147.84,147.72,146.76,144.9,144.24,145.08,147.54,145.62,128.88,68.46,26.22,24.72,21.96,21.78,20.52,20.28,19.5,22.08
1482404018 CHART PAK INC,9/28/2019,1 kWh,kWh,21.66,22.02,22.92,23.28,22.44,52.2,98.34,100.08,98.7,97.5,97.38,53.76,21.24,20.82,21.96,21.84,19.92,19.92,18.72,17.46,19.44,18.66,18.42,19.5
1482404018 CHART PAK INC,9/29/2019,1 kWh,kWh,17.16,19.74,17.88,18.48,19.68,17.16,19.74,17.1,21.48,19.44,20.52,23.04,22.38,21.48,22.26,19.5,19.08,19.8,18.12,20.1,18.72,21.0,21.3,22.68
1482404018 CHART PAK INC,9/30/2019,1 kWh,kWh,19.26,20.58,19.56,20.88,25.26,112.74,139.32,145.56,143.64,141.66,144.78,143.4,145.98,142.68,119.04,79.74,28.98,19.32,17.94,17.88,19.14,16.2,18.3,17.58
1482404018 CHART PAK INC,10/1/2019,1 kWh,kWh,16.26,17.94,15.96,19.98,20.28,107.22,138.18,140.04,146.82,145.68,154.02,145.08,143.22,148.68,131.28,79.8,30.42,20.7,22.5,19.5,19.8,19.86,17.76,18.48
1482404018 CHART PAK INC,10/2/2019,1 kWh,kWh,19.08,18.78,18.6,18.42,23.88,113.46,153.0,149.4,150.36,154.68,156.0,147.9,149.16,142.26,134.28,84.84,29.88,29.7,22.26,21.9,17.88,17.46,18.66,17.64
1482404018 CHART PAK INC,10/3/2019,1 kWh,kWh,18.24,18.42,16.86,21.96,27.3,110.28,126.36,131.88,133.5,130.38,130.02,134.22,134.58,130.5,122.52,74.64,41.94,36.66,31.14,28.38,26.4,25.5,23.58,25.62
1482404018 CHART PAK INC,10/4/2019,1 kWh,kWh,22.86,23.64,19.38,25.62,25.8,115.2,136.74,132.9,135.84,128.58,135.54,136.02,143.16,143.52,133.62,68.22,22.32,20.58,22.2,24.78,26.7,24.48,25.68,25.62
1482404018 CHART PAK INC,10/5/2019,1 kWh,kWh,24.48,24.66,24.9,25.86,39.54,74.64,120.24,125.28,124.14,119.4,118.26,109.08,78.96,19.44,19.5,19.26,19.62,16.74,20.4,22.38,24.66,24.84,24.6,25.44
1482404018 CHART PAK INC,10/6/2019,1 kWh,kWh,24.78,24.78,24.84,24.66,24.54,24.9,25.2,24.6,24.72,22.62,21.48,21.96,16.92,19.92,17.28,18.12,20.04,16.92,21.54,16.02,23.04,19.08,18.84,16.98
1482404018 CHART PAK INC,10/7/2019,1 kWh,kWh,20.46,16.68,19.38,19.14,23.58,110.82,124.38,125.1,124.02,124.44,125.64,123.0,121.98,124.26,124.14,76.92,24.3,25.08,21.78,22.08,18.96,20.52,19.62,19.8
1482404018 CHART PAK INC,10/8/2019,1 kWh,kWh,19.8,21.24,15.96,23.58,22.86,108.96,123.84,131.82,134.52,126.84,128.58,125.88,124.68,130.5,120.54,70.02,26.76,23.4,23.46,19.26,24.18,26.16,25.02,26.46
1482404018 CHART PAK INC,10/9/2019,1 kWh,kWh,26.52,27.24,27.12,28.08,35.52,114.9,130.02,148.14,151.02,143.22,138.54,139.68,140.46,127.86,129.96,127.32,63.18,28.92,30.0,28.14,29.76,28.38,27.06,23.52
1482404018 CHART PAK INC,10/10/2019,1 kWh,kWh,26.16,27.9,23.34,24.66,28.5,118.68,133.62,151.98,147.54,150.6,138.72,126.54,132.3,128.64,119.64,116.76,60.9,24.24,19.98,24.0,20.82,22.44,22.26,17.88
1482404018 CHART PAK INC,10/11/2019,1 kWh,kWh,24.66,19.5,24.06,20.1,29.76,107.4,135.84,136.14,131.28,132.9,128.4,124.38,130.2,128.94,122.94,111.48,57.6,19.26,21.54,22.74,20.52,23.28,20.04,21.36
1482404018 CHART PAK INC,10/12/2019,1 kWh,kWh,22.14,22.44,21.54,22.08,56.16,119.22,133.02,131.7,133.44,127.62,127.56,121.92,107.28,27.0,27.6,25.02,27.0,23.64,23.22,26.46,26.34,25.02,22.98,21.66
1482404018 CHART PAK INC,10/13/2019,1 kWh,kWh,21.84,21.0,21.72,20.94,26.22,24.72,26.82,27.0,25.98,20.7,21.3,19.92,22.44,20.34,19.92,20.34,19.38,19.2,21.06,17.46,25.32,24.18,26.4,27.36
1482404018 CHART PAK INC,10/14/2019,1 kWh,kWh,27.06,26.76,27.42,29.04,36.6,120.0,132.24,137.64,134.88,134.46,130.86,125.64,132.12,128.28,114.24,93.84,49.5,20.52,19.38,20.94,21.9,18.96,21.12,22.44
1482404018 CHART PAK INC,10/15/2019,1 kWh,kWh,22.02,22.2,25.2,28.08,32.64,117.84,131.4,133.08,131.46,127.14,131.46,128.76,132.12,128.16,122.94,109.02,60.48,25.5,26.58,26.1,21.84,24.96,21.9,22.08
1482404018 CHART PAK INC,10/16/2019,1 kWh,kWh,23.52,23.28,22.44,24.0,29.4,112.86,146.58,157.38,155.64,155.7,149.34,151.56,152.34,127.92,121.14,109.44,54.24,23.46,24.6,25.38,23.28,25.44,23.52,26.7
1482404018 CHART PAK INC,10/17/2019,1 kWh,kWh,22.38,24.78,24.9,23.7,32.64,116.28,160.8,160.08,170.1,177.6,166.98,157.68,168.54,165.66,129.42,81.48,43.68,31.32,28.5,29.16,28.86,26.34,24.78,27.06
1482404018 CHART PAK INC,10/18/2019,1 kWh,kWh,23.46,26.52,24.0,25.14,43.38,125.28,168.54,163.38,166.56,164.46,166.62,157.32,162.12,155.76,123.72,77.76,30.66,24.66,25.62,29.46,23.82,28.38,25.08,23.58
1482404018 CHART PAK INC,10/19/2019,1 kWh,kWh,24.18,22.98,25.68,25.32,59.94,108.0,123.9,125.4,129.42,125.4,126.48,112.08,82.14,22.44,18.78,19.5,21.42,22.92,21.6,23.82,26.82,23.64,26.34,24.72
1482404018 CHART PAK INC,10/20/2019,1 kWh,kWh,27.36,24.9,27.24,25.92,26.22,26.52,26.1,27.3,24.48,27.3,19.98,20.88,20.52,19.26,20.34,21.6,23.58,23.1,24.9,22.74,23.82,23.04,24.66,25.62
1482404018 CHART PAK INC,10/21/2019,1 kWh,kWh,24.12,24.66,23.4,26.82,30.78,135.06,169.02,174.36,174.9,172.26,170.94,166.74,170.46,161.1,128.34,110.28,57.18,22.62,23.28,23.52,23.88,28.02,21.96,27.42
1482404018 CHART PAK INC,10/22/2019,1 kWh,kWh,26.04,24.6,26.94,28.26,27.66,132.24,165.0,162.6,173.34,173.04,163.98,166.32,171.42,160.56,126.18,117.18,55.32,27.06,20.52,23.88,24.12,22.38,23.58,24.06
1482404018 CHART PAK INC,10/23/2019,1 kWh,kWh,19.26,23.46,21.18,23.4,24.96,130.14,167.64,172.74,170.34,170.4,162.06,179.46,173.76,157.32,124.44,116.94,57.18,28.38,22.38,28.74,23.82,28.38,27.36,27.0
1482404018 CHART PAK INC,10/24/2019,1 kWh,kWh,27.06,27.36,26.04,27.66,34.02,132.66,182.46,184.08,,,,,,,,,,,,,,,,
